Date,Open,High,Low,Close,Volume
15/05/2018 09:00:00,1064.3,1066,1064.3,1065.9,104
15/05/2018 09:15:00,1065.2,1066.2,1065.2,1066.2,205
15/05/2018 09:30:00,1062.5,1065.7,1062.5,1065.7,167
15/05/2018 09:45:00,1064.6,1068.9,1064.6,1068.5,98
15/05/2018 10:00:00,1066,1068.7,1066,1068.5,98
15/05/2018 10:15:00,1065.7,1067,1065.7,1066.9,46
15/05/2018 10:30:00,1065.1,1066.5,1065,1066.5,64
15/05/2018 10:45:00,1065.7,1068.6,1065.7,1068.6,69
15/05/2018 11:00:00,1065.5,1070,1065.5,1070,183
15/05/2018 11:15:00,1069,1074.7,1069,1074.7,208
15/05/2018 11:30:00,1070.4,1073,1070.4,1073,89
15/05/2018 13:00:00,1073,1078,1073,1077.9,98
15/05/2018 13:15:00,1075.7,1078.8,1075.4,1078.6,123
15/05/2018 13:30:00,1075,1079,1075,1079,220
15/05/2018 13:45:00,1076.4,1080.2,1076,1080,198
15/05/2018 14:00:00,1067,1078.5,1067,1078,255
15/05/2018 14:15:00,1061.1,1071.5,1058.2,1071.5,494
15/05/2018 14:30:00,1058.1,1063,1058,1062,193
15/05/2018 14:45:00,1058,1058,1058,1058,103
16/05/2018 09:00:00,1057,1058,1057,1057.9,72
16/05/2018 09:15:00,1054.7,1057.8,1054.7,1057.5,171
16/05/2018 09:30:00,1056,1059,1056,1059,169
16/05/2018 09:45:00,1059,1061.5,1059,1061.5,164
16/05/2018 10:00:00,1058,1062,1058,1061.8,115
16/05/2018 10:15:00,1060,1063.5,1060,1063.5,70
16/05/2018 10:30:00,1055,1061,1055,1060.8,286
16/05/2018 10:45:00,1053,1056,1052.1,1056,249
16/05/2018 11:00:00,1055,1058.9,1055,1058,182
16/05/2018 11:15:00,1054,1058.4,1053.5,1058.4,136
16/05/2018 11:30:00,1050.2,1053.5,1050,1053.1,166
16/05/2018 13:00:00,1049.1,1051.5,1049,1051.4,158
16/05/2018 13:15:00,1045,1052.9,1045,1052.9,413
16/05/2018 13:30:00,1044,1048.5,1043.4,1048,512
16/05/2018 13:45:00,1039,1048,1039,1047,590
16/05/2018 14:00:00,1039,1045,1038,1045,563
16/05/2018 14:15:00,1037,1043.6,1036.3,1043.6,528
16/05/2018 14:30:00,1036.3,1041.4,1036.3,1041,315
16/05/2018 14:45:00,1040.8,1040.8,1040.8,1040.8,175
17/05/2018 09:00:00,1038.1,1041,1038.1,1040.8,406
17/05/2018 09:15:00,1035.5,1040.5,1035,1040,613
17/05/2018 09:30:00,1032,1035.5,1032,1035.5,821
17/05/2018 09:45:00,1034,1036.5,1033,1036.5,1193
17/05/2018 10:00:00,1029.3,1035,1027,1035,596
17/05/2018 10:15:00,1025,1030.5,1024.1,1030,1205
17/05/2018 10:30:00,1025.5,1029.8,1025.1,1029.5,909
17/05/2018 10:45:00,1024,1027,1022.5,1026.8,766
17/05/2018 11:00:00,1023,1030.4,1023,1029.9,970
17/05/2018 11:15:00,1028.2,1032,1028.2,1031,799
17/05/2018 11:30:00,1026.2,1033.9,1026,1033.9,563
17/05/2018 13:00:00,1033.5,1036.8,1033.5,1036.1,1069
17/05/2018 13:15:00,1026.5,1033.8,1026.2,1033.5,1752
17/05/2018 13:30:00,1021.1,1028,1020.5,1027.9,1907
17/05/2018 13:45:00,1022.2,1028,1022,1028,1769
17/05/2018 14:00:00,1020.1,1027.5,1020.1,1026,1946
17/05/2018 14:15:00,1012.2,1025.9,1012,1025.5,2848
17/05/2018 14:30:00,1013,1018,1012.6,1017.3,1197
17/05/2018 14:45:00,1010,1010,1010,1010,988
18/05/2018 09:00:00,1013,1015,1013,1014.4,1749
18/05/2018 09:15:00,1013,1015.5,1012.5,1015.3,1907
18/05/2018 09:30:00,1013.5,1016,1013.2,1015.5,2944
18/05/2018 09:45:00,1010.6,1014.5,1009,1014.4,2767
18/05/2018 10:00:00,1008.1,1012.8,1008.1,1012.7,4150
18/05/2018 10:15:00,1010.3,1014.2,1010.2,1014.2,2275
18/05/2018 10:30:00,1009,1014,1008.7,1013.4,3429
18/05/2018 10:45:00,1003,1009.2,1002.6,1008.7,4639
18/05/2018 11:00:00,1003.5,1007.4,1003,1006.9,3187
18/05/2018 11:15:00,999.2,1003.9,998.9,1003.5,3851
18/05/2018 11:30:00,998.1,1000.7,997.7,1000.7,2102
18/05/2018 13:00:00,999.5,1002.4,997.3,1002.4,1690
18/05/2018 13:15:00,994,998.5,993.5,998,4977
18/05/2018 13:30:00,995.5,1001,995.5,1000.5,3701
18/05/2018 13:45:00,997.8,1011,997.2,1011,6352
18/05/2018 14:00:00,1002,1011,1001,1009,6741
18/05/2018 14:15:00,1007,1026,1006,1026,7951
18/05/2018 14:30:00,1025,1029.8,1024.5,1029,3806
18/05/2018 14:45:00,1026.9,1026.9,1026.9,1026.9,1704
21/05/2018 09:00:00,1027.5,1028.7,1027.5,1028.7,1068
21/05/2018 09:15:00,1025.7,1029.4,1025.2,1029.3,2220
21/05/2018 09:30:00,1024,1026.6,1023.2,1026.6,2575
21/05/2018 09:45:00,1025.7,1028.9,1025.5,1028.1,2505
21/05/2018 10:00:00,1021,1025.5,1020.3,1025.1,3096
21/05/2018 10:15:00,1021.5,1025.4,1020.6,1025,2640
21/05/2018 10:30:00,1017.7,1023,1017.5,1022,4737
21/05/2018 10:45:00,1018.1,1024.4,1018,1023.5,4916
21/05/2018 11:00:00,1022.5,1028.4,1022.5,1028.4,6674
21/05/2018 11:15:00,1027.1,1033,1027,1032.5,6053
21/05/2018 11:30:00,1028,1032.4,1027.7,1031.9,1905
21/05/2018 13:00:00,1032,1034.9,1031,1034.9,2431
21/05/2018 13:15:00,1021,1032.8,1020,1032.8,7122
21/05/2018 13:30:00,1015,1023.6,1014.1,1020,7854
21/05/2018 13:45:00,1013.1,1022.9,1012,1022.9,5996
21/05/2018 14:00:00,1005,1015.5,1004.8,1015,7905
21/05/2018 14:15:00,998.1,1012.6,997.2,1007.3,6961
21/05/2018 14:30:00,997,1003,996,1001.3,2811
21/05/2018 14:45:00,992.5,992.5,992.5,992.5,1556
22/05/2018 09:00:00,988.7,991.8,988.2,990.3,1407
22/05/2018 09:15:00,986.5,991.5,986,991,3442
22/05/2018 09:30:00,980.6,991.5,979.1,990.6,4825
22/05/2018 09:45:00,980.6,986,980.1,986,4602
22/05/2018 10:00:00,983.5,989.6,982.2,989,4088
22/05/2018 10:15:00,984,989.5,983.5,988.5,4028
22/05/2018 10:30:00,982,988.7,980.2,988.6,4379
22/05/2018 10:45:00,988.6,996.5,988.5,996,6226
22/05/2018 11:00:00,983.1,996,982.5,994,6282
22/05/2018 11:15:00,973.9,984.7,973,984.1,6838
22/05/2018 11:30:00,968,977,966.8,976.8,2149
22/05/2018 13:00:00,964.4,968,963.5,967,2971
22/05/2018 13:15:00,964.1,973,963,973,5134
22/05/2018 13:30:00,957.1,970,957,969.6,5887
22/05/2018 13:45:00,955.3,969,955,969,7615
22/05/2018 14:00:00,955.5,967.9,955,967.9,5399
22/05/2018 14:15:00,957.2,967.8,957,967,5163
22/05/2018 14:30:00,958.1,964.1,957.1,964,2358
22/05/2018 14:45:00,964,964,964,964,1208
23/05/2018 09:00:00,959,963.5,958,962,1473
23/05/2018 09:15:00,957,961.5,956.6,961,2962
23/05/2018 09:30:00,958.2,963.4,958,963.4,3856
23/05/2018 09:45:00,963.3,967.5,962.6,967.2,5777
23/05/2018 10:00:00,963,968.7,962.8,968.7,3811
23/05/2018 10:15:00,963,969.6,961.5,968.5,4646
23/05/2018 10:30:00,961.9,968.5,960.2,968,4379
23/05/2018 10:45:00,954.8,961,954,960,7150
23/05/2018 11:00:00,954.5,960.4,954.1,960,3807
23/05/2018 11:15:00,949,960.3,948,959.5,5159
23/05/2018 11:30:00,947,952,946.5,951,2350
23/05/2018 13:00:00,947.7,953,947,952,2405
23/05/2018 13:15:00,951.5,959,949.9,958.5,4868
23/05/2018 13:30:00,956,968.9,955.3,967.9,6963
23/05/2018 13:45:00,961.9,969.5,961.1,969,7855
23/05/2018 14:00:00,963,978.8,961.1,978,8274
23/05/2018 14:15:00,973,982,972,981.8,6184
23/05/2018 14:30:00,979,982,979,981,2656
23/05/2018 14:45:00,972.5,972.5,972.5,972.5,1701
24/05/2018 09:00:00,972,973.9,971.7,973.6,1009
24/05/2018 09:15:00,968.8,973.4,967.7,973.4,2643
24/05/2018 09:30:00,968,971.4,967.5,971.4,3564
24/05/2018 09:45:00,971,974.1,971,973.6,3784
24/05/2018 10:00:00,967.1,973.6,966.2,973.1,4500
24/05/2018 10:15:00,964.3,969.3,964.1,968.9,3951
24/05/2018 10:30:00,966,971.9,966,971.9,3379
24/05/2018 10:45:00,957.3,968.5,957,967.5,5722
24/05/2018 11:00:00,954,960,953.1,960,4990
24/05/2018 11:15:00,955,960,954.2,959.3,4682
24/05/2018 11:30:00,954,958.6,954,957.8,2013
24/05/2018 13:00:00,950,956.9,950,955.9,3079
24/05/2018 13:15:00,949.5,954,949,954,6021
24/05/2018 13:30:00,954,964,954,963,6866
24/05/2018 13:45:00,960,971.5,960,971.4,8906
24/05/2018 14:00:00,960.8,969.9,959,969.5,7358
24/05/2018 14:15:00,949,959,948.8,956.9,8966
24/05/2018 14:30:00,956,961.4,955.3,960.9,2903
24/05/2018 14:45:00,957,957,957,957,941
25/05/2018 09:00:00,956.7,958,956,958,769
25/05/2018 09:15:00,955.9,958.7,955.2,958.4,2147
25/05/2018 09:30:00,952.1,956.2,952,955.4,3774
25/05/2018 09:45:00,954.1,957.4,954,957.2,2740
25/05/2018 10:00:00,952.3,955.5,952.2,955.4,2869
25/05/2018 10:15:00,953.5,960,953.5,959.1,3254
25/05/2018 10:30:00,956.5,960.4,956.3,960.3,4821
25/05/2018 10:45:00,953.5,959.4,953,958.9,4393
25/05/2018 11:00:00,953.9,959.5,953.7,959.3,4210
25/05/2018 11:15:00,956,960,955.6,959.5,3639
25/05/2018 11:30:00,956,958.8,955.6,958.8,1091
25/05/2018 13:00:00,957.2,960,956.9,960,1765
25/05/2018 13:15:00,959,965.7,959,965,6005
25/05/2018 13:30:00,958.8,966.2,956.1,965.5,7340
25/05/2018 13:45:00,952,958.4,951,958,6303
25/05/2018 14:00:00,948,953.3,947,952.9,7775
25/05/2018 14:15:00,943.8,955,941,954,7205
25/05/2018 14:30:00,935,940,934,936,4134
25/05/2018 14:45:00,930,930,930,930,2384
28/05/2018 09:00:00,924.3,927.5,924.3,926,1398
28/05/2018 09:15:00,921.8,925.5,921,925.4,2737
28/05/2018 09:30:00,922.6,926,922.1,926,3981
28/05/2018 09:45:00,922.5,925.7,921.5,925.2,3010
28/05/2018 10:00:00,922.7,927.5,922.2,926.9,2858
28/05/2018 10:15:00,916.2,922.5,915.3,922.4,4586
28/05/2018 10:30:00,917,921,916.6,921,3552
28/05/2018 10:45:00,916.5,923.9,915.7,923,4438
28/05/2018 11:00:00,918.8,923.9,918.5,923,3175
28/05/2018 11:15:00,911.2,922.4,909.7,921.9,5544
28/05/2018 11:30:00,909,912,908,911.6,2216
28/05/2018 13:00:00,910.2,913.9,910,912.9,1465
28/05/2018 13:15:00,903.9,912.4,903,912.1,4790
28/05/2018 13:30:00,904.6,914,904.1,913,5275
28/05/2018 13:45:00,905.5,911.5,904,910.9,3963
28/05/2018 14:00:00,897,905,896,904.1,7759
28/05/2018 14:15:00,893,902,892,902,5607
28/05/2018 14:30:00,883.1,892.1,882.6,892,3286
28/05/2018 14:45:00,883.5,883.5,883.5,883.5,1412
29/05/2018 09:00:00,881,885,880.3,884.5,1608
29/05/2018 09:15:00,883.6,889,883.5,889,3334
29/05/2018 09:30:00,883,887.4,881.3,886.9,5327
29/05/2018 09:45:00,885,889.9,884.6,889.5,4749
29/05/2018 10:00:00,885.9,888.9,885.4,888,3716
29/05/2018 10:15:00,887.2,893.4,887.2,893,4510
29/05/2018 10:30:00,890.1,900,889.5,900,5119
29/05/2018 10:45:00,900,909.7,900,909,8514
29/05/2018 11:00:00,905,913.2,904.4,912,6873
29/05/2018 11:15:00,909,916.9,909,916.2,5729
29/05/2018 11:30:00,914.5,917.6,914.3,917,2413
29/05/2018 13:00:00,917,921,916,920.8,2966
29/05/2018 13:15:00,918.9,923.5,918.8,923.1,5058
29/05/2018 13:30:00,919,931.8,919,931.3,6336
29/05/2018 13:45:00,931,935.5,930.5,935.3,4991
29/05/2018 14:00:00,907.2,932,907,927.5,10573
29/05/2018 14:15:00,909,928.2,909,927.9,8269
29/05/2018 14:30:00,920,927.9,918,926.5,3165
29/05/2018 14:45:00,924,924,924,924,1623
30/05/2018 09:00:00,920,923.9,920,923.1,1402
30/05/2018 09:15:00,915.7,921,915.5,920.2,3549
30/05/2018 09:30:00,913.2,920.9,913.1,920.8,4498
30/05/2018 09:45:00,908.8,916.3,908.3,916,5365
30/05/2018 10:00:00,900.1,911,898.8,910.6,6685
30/05/2018 10:15:00,896.5,909.5,895,908.9,5871
30/05/2018 10:30:00,902,912,902,911.5,7665
30/05/2018 10:45:00,903,916.6,901.8,916,6934
30/05/2018 11:00:00,915,926,915,925,7788
30/05/2018 11:15:00,917,924.5,915.3,921,5774
30/05/2018 11:30:00,921,928.5,920.5,928.5,2490
30/05/2018 13:00:00,925,931,924.2,929,3242
30/05/2018 13:15:00,907,926,905,925.1,9766
30/05/2018 13:30:00,906,921.4,906,920,9148
30/05/2018 13:45:00,909,923,908.2,923,9161
30/05/2018 14:00:00,914,923.5,913,923,9060
30/05/2018 14:15:00,914,924.9,913,923,7897
30/05/2018 14:30:00,908,917,908,916,4881
30/05/2018 14:45:00,908,908,908,908,2183
31/05/2018 09:00:00,911.5,913,911.2,913,1612
31/05/2018 09:15:00,909,915.2,908.1,915.2,3743
31/05/2018 09:30:00,912,916.7,911.8,916,5682
31/05/2018 09:45:00,914.5,921.5,914.1,921,5707
31/05/2018 10:00:00,918.1,923,917,922.5,5889
31/05/2018 10:15:00,921.4,924.5,921,924,5281
31/05/2018 10:30:00,922,927,921.7,926.5,4796
31/05/2018 10:45:00,923.1,931.6,922,931.5,6478
31/05/2018 11:00:00,928.9,933.8,928.5,933,5047
31/05/2018 11:15:00,924,933.5,924,932,7384
31/05/2018 11:30:00,926.1,929.4,925.2,929,2459
31/05/2018 13:00:00,928.5,933.5,928.5,932.4,2765
31/05/2018 13:15:00,930,933,929.5,933,3595
31/05/2018 13:30:00,926.8,932.5,926.1,932.3,5390
31/05/2018 13:45:00,927.5,937,927,936,7388
31/05/2018 14:00:00,936,943,935.7,942.5,7515
31/05/2018 14:15:00,938.1,944.3,938,944.3,5402
31/05/2018 14:30:00,939.5,945.7,939.5,945.5,2841
31/05/2018 14:45:00,940.5,940.5,940.5,940.5,1699
01/06/2018 09:00:00,937,938.3,936.8,938.3,1167
01/06/2018 09:15:00,937.5,941.9,937,941.7,3654
01/06/2018 09:30:00,940.6,942.5,940.1,942,4431
01/06/2018 09:45:00,941.2,949.4,941.2,949,5948
01/06/2018 10:00:00,946.4,952,946.3,952,4931
01/06/2018 10:15:00,952,956,951.5,956,4918
01/06/2018 10:30:00,953.2,956.2,952.5,956,4055
01/06/2018 10:45:00,954.7,963.6,954.6,963,5092
01/06/2018 11:00:00,956,963.4,955.5,963.1,4839
01/06/2018 11:15:00,954.8,961,954,960,4937
01/06/2018 11:30:00,957.2,961.2,957.1,961.2,1958
01/06/2018 13:00:00,958,961.7,957.6,960,1862
01/06/2018 13:15:00,953.5,961,953,959.5,5698
01/06/2018 13:30:00,953.5,959,951.1,958.9,5286
01/06/2018 13:45:00,945.2,955.9,945.2,955.5,7014
01/06/2018 14:00:00,943.1,955,942.3,954.5,8191
01/06/2018 14:15:00,947.5,955.2,947.2,955,6475
01/06/2018 14:30:00,955.8,960,955.8,959.7,3688
01/06/2018 14:45:00,957.5,957.5,957.5,957.5,1580
04/06/2018 09:00:00,953.5,956.4,953.1,956.4,1286
04/06/2018 09:15:00,955.6,960.7,955.6,960,2711
04/06/2018 09:30:00,961.7,973,961.7,972.5,6637
04/06/2018 09:45:00,966.6,974.9,965.5,974.5,5346
04/06/2018 10:00:00,969,974,966,973.9,4443
04/06/2018 10:15:00,964.1,970,964.1,969,5356
04/06/2018 10:30:00,966,971.3,965.2,971.3,4332
04/06/2018 10:45:00,968,975,966.8,973.8,6196
04/06/2018 11:00:00,968.5,977.9,968,977,5453
04/06/2018 11:15:00,974.3,977.3,973.6,977,4875
04/06/2018 11:30:00,973.7,975.9,973.5,975.7,1675
04/06/2018 13:00:00,974.9,977.8,974,977,1745
04/06/2018 13:15:00,975.3,979.7,975.2,979.7,3734
04/06/2018 13:30:00,978.3,984.5,978.2,983.6,6652
04/06/2018 13:45:00,977.2,982,977,981.4,5623
04/06/2018 14:00:00,979,983.2,978.5,982.8,4015
04/06/2018 14:15:00,977.5,982.1,977,982,4862
04/06/2018 14:30:00,980.3,982,979,981.1,2191
04/06/2018 14:45:00,980.5,980.5,980.5,980.5,1083
05/06/2018 09:00:00,984,987.5,984,987.5,1468
05/06/2018 09:15:00,982.5,987.3,982.5,987.3,4193
05/06/2018 09:30:00,987.2,991.8,987.2,991.2,6142
05/06/2018 09:45:00,986,989.5,984.8,989.3,5591
05/06/2018 10:00:00,986.5,989.7,986.1,989.5,4054
05/06/2018 10:15:00,983.1,987.3,983.1,987,4685
05/06/2018 10:30:00,984,988.9,983.5,988.9,4075
05/06/2018 10:45:00,987.5,990.4,987.2,990,4299
05/06/2018 11:00:00,984.9,988.5,984.1,987.9,4613
05/06/2018 11:15:00,985.6,989.4,985.5,988.9,3748
05/06/2018 11:30:00,988,989.3,987.3,989.1,1467
05/06/2018 13:00:00,989.5,991,988.6,991,2240
05/06/2018 13:15:00,987.5,990.2,987,990,3077
05/06/2018 13:30:00,981.3,988.4,981.3,987.9,6355
05/06/2018 13:45:00,980.3,984.8,979,984,7632
05/06/2018 14:00:00,977.7,982.4,977.6,982,5577
05/06/2018 14:15:00,980.1,987.5,980.1,987.5,5223
05/06/2018 14:30:00,986.5,989,985.8,988,3126
05/06/2018 14:45:00,990,990,990,990,1744
06/06/2018 09:00:00,991.5,993,991.2,993,1281
06/06/2018 09:15:00,987.4,991.5,987,990.9,3576
06/06/2018 09:30:00,988.9,991.9,988.9,991.9,4971
06/06/2018 09:45:00,988,990.9,987.6,990,3442
06/06/2018 10:00:00,989.2,993.5,989.1,993.3,3657
06/06/2018 10:15:00,993.7,997,993.5,996.3,5414
06/06/2018 10:30:00,993.8,997.7,993.7,997.3,4202
06/06/2018 10:45:00,994,997.6,993.7,996.7,3321
06/06/2018 11:00:00,991.6,996,991.4,995.6,3297
06/06/2018 11:15:00,991,993.5,990.4,993,3891
06/06/2018 11:30:00,992.5,994.3,992.5,994,1575
06/06/2018 13:00:00,992.9,995.7,992.5,995.1,1423
06/06/2018 13:15:00,995,996.9,994.7,996.5,3569
06/06/2018 13:30:00,995.5,998.9,995.2,998.6,4397
06/06/2018 13:45:00,995.2,998.5,994.8,998.1,4129
06/06/2018 14:00:00,997.9,1004.5,997.6,1003.8,5456
06/06/2018 14:15:00,1003.6,1009.4,1003.5,1009.3,6201
06/06/2018 14:30:00,1008.7,1018.9,1008.6,1018,3237
06/06/2018 14:45:00,1019,1019,1019,1019,2134
07/06/2018 09:00:00,1020,1022,1020,1022,1257
07/06/2018 09:15:00,1020.8,1023.3,1020.3,1023.2,2555
07/06/2018 09:30:00,1020,1025,1020,1024.8,3666
07/06/2018 09:45:00,1021.9,1024.8,1021.7,1024.7,4301
07/06/2018 10:00:00,1022.6,1024.8,1022.6,1024.6,2950
07/06/2018 10:15:00,1020.3,1022.7,1020,1022.5,3888
07/06/2018 10:30:00,1021.4,1026.7,1020.7,1026.1,4377
07/06/2018 10:45:00,1023.9,1027.7,1023.5,1026.9,3785
07/06/2018 11:00:00,1021,1026.7,1018,1026.5,4691
07/06/2018 11:15:00,1014,1019.7,1013.3,1019,7632
07/06/2018 11:30:00,1012.4,1017.3,1012.4,1017.2,3353
07/06/2018 13:00:00,1013.7,1017,1013.4,1016.5,2413
07/06/2018 13:15:00,1015,1022.1,1015,1022,5680
07/06/2018 13:30:00,1020.6,1023.3,1019,1023,6580
07/06/2018 13:45:00,1017.2,1022.4,1016.7,1022.3,5849
07/06/2018 14:00:00,1020.8,1026.5,1019.7,1025.9,7506
07/06/2018 14:15:00,1020,1025.4,1016.5,1024.5,6666
07/06/2018 14:30:00,1013.2,1018.7,1012,1016,5270
07/06/2018 14:45:00,1016,1016,1016,1016,1550
08/06/2018 09:00:00,1014.9,1016.4,1014.6,1016.4,882
08/06/2018 09:15:00,1012.2,1016.5,1012.2,1016.5,3075
08/06/2018 09:30:00,1013.5,1016.2,1013.5,1015.9,3845
08/06/2018 09:45:00,1015.4,1020,1015.1,1019.9,5296
08/06/2018 10:00:00,1015.6,1018,1015.4,1017.8,3811
08/06/2018 10:15:00,1016.5,1019.4,1016.5,1019.1,3579
08/06/2018 10:30:00,1015,1017.8,1014.5,1017,3533
08/06/2018 10:45:00,1011,1017,1010.9,1016.2,6218
08/06/2018 11:00:00,1012.6,1015.2,1012.1,1015,3110
08/06/2018 11:15:00,1013.6,1017.5,1013.4,1017.2,3639
08/06/2018 11:30:00,1014,1015.6,1013.6,1015,1437
08/06/2018 13:00:00,1013.5,1015,1012.8,1015,1310
08/06/2018 13:15:00,1010.8,1013.7,1010.3,1013.5,3959
08/06/2018 13:30:00,1010.5,1016.5,1010.5,1016,5619
08/06/2018 13:45:00,1014.8,1018.5,1014.8,1017.8,4927
08/06/2018 14:00:00,1014.3,1018,1013.7,1017.3,4844
08/06/2018 14:15:00,1014.2,1017.4,1014.2,1017.1,3385
08/06/2018 14:30:00,1015,1017.3,1014,1017.3,2572
08/06/2018 14:45:00,1017.9,1017.9,1017.9,1017.9,1469
11/06/2018 09:00:00,1014.3,1016,1014.3,1015.8,1450
11/06/2018 09:15:00,1012,1014.7,1012,1014.6,3876
11/06/2018 09:30:00,1013.3,1016.1,1013,1016,4080
11/06/2018 09:45:00,1014.3,1017.6,1014.2,1017.2,3413
11/06/2018 10:00:00,1016.8,1019.8,1016.6,1019.3,3743
11/06/2018 10:15:00,1017,1019,1017,1018.4,2909
11/06/2018 10:30:00,1017,1019.3,1017,1019.1,2872
11/06/2018 10:45:00,1019,1023.7,1018.9,1023.7,4977
11/06/2018 11:00:00,1021.5,1024.8,1021.3,1024.7,4103
11/06/2018 11:15:00,1021.4,1024.5,1020.7,1024.2,3860
11/06/2018 11:30:00,1023.2,1026,1023,1026,1992
11/06/2018 13:00:00,1025.3,1027.5,1025.3,1027.5,1547
11/06/2018 13:15:00,1026.6,1029.7,1026.6,1029.1,3767
11/06/2018 13:30:00,1027.4,1029.3,1027,1028.9,2998
11/06/2018 13:45:00,1026,1028.5,1025.5,1028.4,3996
11/06/2018 14:00:00,1027.6,1031,1027.1,1031,5200
11/06/2018 14:15:00,1022.9,1028,1022,1027.5,7497
11/06/2018 14:30:00,1020.6,1023.6,1020.2,1023.5,2789
11/06/2018 14:45:00,1017.1,1017.1,1017.1,1017.1,1775
12/06/2018 09:00:00,1013,1014.5,1012.5,1013.7,1747
12/06/2018 09:15:00,1011.7,1013.7,1011.6,1013.5,3536
12/06/2018 09:30:00,1011.5,1013.6,1011.3,1013.6,4148
12/06/2018 09:45:00,1007.5,1013.5,1006.3,1013.5,5664
12/06/2018 10:00:00,1005.6,1010.2,1005.6,1009.8,5746
12/06/2018 10:15:00,1006,1010.2,1006,1010,4779
12/06/2018 10:30:00,1004.1,1008,1004.1,1008,4677
12/06/2018 10:45:00,1000.6,1007.2,1000.3,1006.7,5171
12/06/2018 11:00:00,997.7,1002.9,997,1002.7,7128
12/06/2018 11:15:00,997,1002.7,996.2,1001.5,4740
12/06/2018 11:30:00,996.2,999,995.6,999,1906
12/06/2018 13:00:00,995.5,998.8,995.3,998,1729
12/06/2018 13:15:00,996.1,1002,996,1002,5111
12/06/2018 13:30:00,1001.9,1004.7,1001,1004.5,6667
12/06/2018 13:45:00,999,1006,998.3,1005.6,6497
12/06/2018 14:00:00,1005.6,1011.9,1005.5,1011.5,7471
12/06/2018 14:15:00,1001,1011.5,1000.2,1010.7,8134
12/06/2018 14:30:00,1000.7,1006.1,1000.5,1006,3690
12/06/2018 14:45:00,1005.8,1005.8,1005.8,1005.8,1288
13/06/2018 09:00:00,1005.8,1007.4,1005.1,1007,940
13/06/2018 09:15:00,1005.6,1011.2,1005.6,1011,3069
13/06/2018 09:30:00,1007.6,1011.4,1007.5,1011,5048
13/06/2018 09:45:00,1007.6,1012.2,1007.4,1012,5042
13/06/2018 10:00:00,1010,1012.3,1009.7,1012.1,4679
13/06/2018 10:15:00,1010,1013.3,1009.1,1012.9,4746
13/06/2018 10:30:00,1007.6,1012.6,1007.5,1012.2,5272
13/06/2018 10:45:00,1006,1009.5,1005.5,1009.1,5547
13/06/2018 11:00:00,1008,1010.4,1007.5,1010.4,3808
13/06/2018 11:15:00,1007,1011,1006.6,1010.7,3847
13/06/2018 11:30:00,1005.1,1007.5,1005,1007.5,2639
13/06/2018 13:00:00,1002.8,1005,1002.6,1004.5,2806
13/06/2018 13:15:00,1003.2,1007.4,1002.9,1006.9,5473
13/06/2018 13:30:00,1005,1007.4,1004.6,1007.4,3946
13/06/2018 13:45:00,1007.4,1011.8,1007.2,1011.5,6573
13/06/2018 14:00:00,1008.5,1013.7,1008.1,1013.7,6713
13/06/2018 14:15:00,1013.4,1015.8,1013,1015.2,8436
13/06/2018 14:30:00,1014.1,1015.4,1013.6,1015.3,3008
13/06/2018 14:45:00,1018.5,1018.5,1018.5,1018.5,2193
14/06/2018 09:00:00,1017.3,1018.8,1017.2,1018.5,1011
14/06/2018 09:15:00,1016.8,1018.5,1016.6,1018.3,2169
14/06/2018 09:30:00,1016,1020,1015.7,1019.9,3676
14/06/2018 09:45:00,1015.7,1018.8,1015.3,1018.5,3606
14/06/2018 10:00:00,1017.9,1020.5,1017.5,1020.5,3970
14/06/2018 10:15:00,1019.5,1021.3,1019,1021.2,3283
14/06/2018 10:30:00,1017.7,1019.5,1017.3,1019,3348
14/06/2018 10:45:00,1016.1,1019.7,1015.8,1019.5,3702
14/06/2018 11:00:00,1015.1,1017.3,1015,1017,4098
14/06/2018 11:15:00,1014.1,1017.8,1014,1017.5,4116
14/06/2018 11:30:00,1013.5,1015.4,1013.2,1015.4,2578
14/06/2018 13:00:00,1011.8,1015.4,1011.3,1015,2318
14/06/2018 13:15:00,1012.4,1015.4,1012.2,1015.3,5344
14/06/2018 13:30:00,1013.6,1017.5,1013.6,1017.5,4983
14/06/2018 13:45:00,1014.5,1016.6,1014,1016.6,4819
14/06/2018 14:00:00,1009,1016,1008,1014.8,9581
14/06/2018 14:15:00,1009.8,1012.6,1009.5,1012.3,4735
14/06/2018 14:30:00,1006,1010.9,1005.8,1009,4007
14/06/2018 14:45:00,1002,1002,1002,1002,2122
15/06/2018 09:00:00,999.4,1001.9,999.1,1001.9,1115
15/06/2018 09:15:00,999.9,1003,999.5,1002.8,2675
15/06/2018 09:30:00,1001.8,1004.7,1001.8,1004.6,4018
15/06/2018 09:45:00,1001.5,1003.3,1001.4,1003.1,3620
15/06/2018 10:00:00,1002.5,1005.2,1002.5,1004.8,3353
15/06/2018 10:15:00,1001.8,1004.9,1001,1004.8,3719
15/06/2018 10:30:00,1001,1003.3,1001,1003.2,2312
15/06/2018 10:45:00,997,1001,997,1000,6064
15/06/2018 11:00:00,995.2,998.9,995.2,998.6,5294
15/06/2018 11:15:00,995,997.1,994.2,996.9,3890
15/06/2018 11:30:00,996.4,998.4,996.1,998,2029
15/06/2018 13:00:00,997,999.5,996.7,999.3,1874
15/06/2018 13:15:00,999,1001,998.1,1000.6,4552
15/06/2018 13:30:00,995.8,998.7,995.4,998.7,4188
15/06/2018 13:45:00,996.2,1003.2,996,1003.1,6015
15/06/2018 14:00:00,1002.3,1007,1002.3,1006.7,7212
15/06/2018 14:15:00,999,1004.9,999,1004.5,7372
15/06/2018 14:30:00,1000.7,1003.8,1000.6,1003.1,3221
15/06/2018 14:45:00,1008,1008,1008,1008,2213
18/06/2018 09:00:00,1006.1,1007,1005.6,1007,1124
18/06/2018 09:15:00,1005,1006.3,1004.3,1006.2,2230
18/06/2018 09:30:00,1004.2,1008,1004,1007.9,4561
18/06/2018 09:45:00,1005.3,1007.4,1005.1,1006.7,2906
18/06/2018 10:00:00,1004.8,1006.9,1004.5,1006.9,2471
18/06/2018 10:15:00,1005.3,1007.3,1003.7,1007,2829
18/06/2018 10:30:00,1002.8,1005,1002.7,1004.8,4114
18/06/2018 10:45:00,1001.4,1004.5,1001.4,1004.5,3274
18/06/2018 11:00:00,999.5,1002,999.5,1001.8,5338
18/06/2018 11:15:00,997,1001.6,996.5,1001,4626
18/06/2018 11:30:00,997.5,999.2,997.2,999.1,1729
18/06/2018 13:00:00,996.5,999.7,996,999.3,1896
18/06/2018 13:15:00,991.5,996,991.1,995.6,6112
18/06/2018 13:30:00,989.5,994.4,989.1,994,6847
18/06/2018 13:45:00,990.4,994.1,990.2,993.6,5186
18/06/2018 14:00:00,980,992.5,979.1,991.8,9686
18/06/2018 14:15:00,971.5,982,971,981.5,7429
18/06/2018 14:30:00,973,975.9,972.5,975,3738
18/06/2018 14:45:00,970,970,970,970,2256
19/06/2018 09:00:00,960.7,964,960.3,963,2304
19/06/2018 09:15:00,955.1,961.1,953.8,960.8,5963
19/06/2018 09:30:00,952.8,957,952.5,957,6682
19/06/2018 09:45:00,952.5,956.5,952.5,956.2,4978
19/06/2018 10:00:00,956,959.1,954.6,959.1,6146
19/06/2018 10:15:00,949,956.4,948.2,955.7,6631
19/06/2018 10:30:00,946.3,950.4,946.1,950,5424
19/06/2018 10:45:00,944,948.4,943.6,948.2,5512
19/06/2018 11:00:00,945.6,951.4,945.5,951.4,5358
19/06/2018 11:15:00,944,950.8,943.5,950.3,5492
19/06/2018 11:30:00,941.8,944.5,941.8,944,2798
19/06/2018 13:00:00,936.2,942,936,941.1,2905
19/06/2018 13:15:00,931,937.2,930.5,937,7477
19/06/2018 13:30:00,932.7,936.3,932.5,936.2,5606
19/06/2018 13:45:00,925,935.6,924,934,8055
19/06/2018 14:00:00,913.7,924,911.1,924,8045
19/06/2018 14:15:00,909,914.7,908.2,914,7643
19/06/2018 14:30:00,912,929,912,929,4980
19/06/2018 14:45:00,937.9,937.9,937.9,937.9,2566
20/06/2018 09:00:00,943.6,946.9,943,946.9,3023
20/06/2018 09:15:00,946,950.4,945.8,950,5679
20/06/2018 09:30:00,936,946.5,935,945.3,10472
20/06/2018 09:45:00,938.6,944.8,938.4,944.5,6066
20/06/2018 10:00:00,943.4,951.7,943.4,950.5,10138
20/06/2018 10:15:00,941.5,946.8,941.2,946.5,6073
20/06/2018 10:30:00,939,944.5,938.1,944.2,6684
20/06/2018 10:45:00,938.6,949,938.1,948.7,6929
20/06/2018 11:00:00,947.6,951.2,947,950.5,6480
20/06/2018 11:15:00,944,949.1,943.5,949,5937
20/06/2018 11:30:00,946.8,949.5,946.1,949.4,2240
20/06/2018 13:00:00,950.5,957.3,950.5,956.8,4724
20/06/2018 13:15:00,955,959.5,954.1,958.5,7904
20/06/2018 13:30:00,955,958.6,954.5,958.6,6114
20/06/2018 13:45:00,952.8,958.5,952.3,958.5,7902
20/06/2018 14:00:00,955.6,958.3,955.1,957.7,4517
20/06/2018 14:15:00,957.8,963.1,957.8,962,7675
20/06/2018 14:30:00,961,963,960.6,962.6,2808
20/06/2018 14:45:00,961,961,961,961,1954
21/06/2018 09:00:00,961,962.6,960,962.3,1175
21/06/2018 09:15:00,958,962.9,957.5,962.7,3999
21/06/2018 09:30:00,958.9,961.2,958.5,961,3236
21/06/2018 09:45:00,954.6,960.8,954.4,960.8,4552
21/06/2018 10:00:00,953,956,952.8,956,5117
21/06/2018 10:15:00,951.8,955.5,949.6,955.5,5020
21/06/2018 10:30:00,944.5,950.9,944.5,950.5,5614
21/06/2018 10:45:00,944.6,948.1,944.1,948,3988
21/06/2018 11:00:00,946.7,950.7,946.6,950.5,4619
21/06/2018 11:15:00,945.5,949.8,945.1,949,3830
21/06/2018 11:30:00,943.3,946,943,946,2398
21/06/2018 13:00:00,943,951.3,942.7,951.1,2012
21/06/2018 13:15:00,949.8,956.7,949,956.3,5788
21/06/2018 13:30:00,953.4,957.2,953,956.2,3725
21/06/2018 13:45:00,951,959,950.9,958.8,3860
21/06/2018 14:00:00,950,953.5,948.1,953.1,4508
21/06/2018 14:15:00,949.5,955,948.2,953.6,3876
21/06/2018 14:30:00,953.9,956.3,953.3,956,1443
21/06/2018 14:45:00,954,954,954,954,1068
22/06/2018 09:00:00,938.2,941,938,940.5,2525
22/06/2018 09:15:00,937.5,941,937.5,940.9,4335
22/06/2018 09:30:00,938.9,943.4,938.6,943.1,5422
22/06/2018 09:45:00,941.2,944.3,940.8,944,6704
22/06/2018 10:00:00,942.8,948.3,942.6,948,6681
22/06/2018 10:15:00,945.2,948.9,945.2,948.9,6541
22/06/2018 10:30:00,946.8,951.5,946.5,951.5,5688
22/06/2018 10:45:00,950.5,955.7,950.1,955.7,7706
22/06/2018 11:00:00,954.3,956.8,953.7,956.5,6427
22/06/2018 11:15:00,952.7,955.5,952.4,955.3,6937
22/06/2018 11:30:00,953.8,958,953.8,957.8,3470
22/06/2018 13:00:00,958.4,959.9,957,959.5,3970
22/06/2018 13:15:00,954.6,957.8,953.6,957.4,5641
22/06/2018 13:30:00,948.5,953.5,947.5,952,10590
22/06/2018 13:45:00,949.1,958.7,949,958.2,8437
22/06/2018 14:00:00,954.9,959.5,954.5,958.5,6793
22/06/2018 14:15:00,958.5,966.4,958.4,966.4,9103
22/06/2018 14:30:00,966,969.5,966,968.8,3631
22/06/2018 14:45:00,967.2,967.2,967.2,967.2,1648
25/06/2018 09:00:00,972.5,986,972.5,986,3725
25/06/2018 09:15:00,980.2,984.4,980.1,984,4972
25/06/2018 09:30:00,980,983.9,979.5,983.8,5072
25/06/2018 09:45:00,980.7,984.6,980.5,983.8,4750
25/06/2018 10:00:00,981.4,986,981,985.2,4796
25/06/2018 10:15:00,980.4,983.5,980.1,983.3,4752
25/06/2018 10:30:00,978,982.4,976.5,982,5472
25/06/2018 10:45:00,976.4,981.1,976,980.5,5566
25/06/2018 11:00:00,976.6,982.3,976.6,982.3,6482
25/06/2018 11:15:00,977.8,980.8,977.5,980.5,4349
25/06/2018 11:30:00,977.6,980,977.6,980,1841
25/06/2018 13:00:00,978,982.9,977.5,982.7,2828
25/06/2018 13:15:00,979.5,982.9,979.2,982.3,3354
25/06/2018 13:30:00,979,985,978.4,984.5,5914
25/06/2018 13:45:00,982,987.5,981.6,987.4,4990
25/06/2018 14:00:00,985.3,988,985,988,4686
25/06/2018 14:15:00,983.7,986.8,983.7,986.8,4362
25/06/2018 14:30:00,983,986.9,982.5,986.5,2708
25/06/2018 14:45:00,973.2,973.2,973.2,973.2,2515
26/06/2018 09:00:00,964.8,969,964.2,969,3367
26/06/2018 09:15:00,963.9,966.3,963,966,5599
26/06/2018 09:30:00,959,964.9,959,964.8,6080
26/06/2018 09:45:00,955.2,960.5,954.8,959.6,6679
26/06/2018 10:00:00,950.2,957.4,949.7,956.5,6989
26/06/2018 10:15:00,953,957.5,953,957.5,7012
26/06/2018 10:30:00,953.6,958.7,953.3,958.7,6198
26/06/2018 10:45:00,956,959.5,956,959.1,5231
26/06/2018 11:00:00,951.6,957.8,951.1,957.4,7148
26/06/2018 11:15:00,950.9,956.4,950.3,956.4,6381
26/06/2018 11:30:00,955.9,957.4,955,957.2,2902
26/06/2018 13:00:00,957.6,959.4,957.5,959.4,2992
26/06/2018 13:15:00,955.5,960.5,955.1,960,5957
26/06/2018 13:30:00,955.5,958.8,955.1,958.2,5450
26/06/2018 13:45:00,956,963,955.4,962.2,7956
26/06/2018 14:00:00,962,969,961.5,968.9,9837
26/06/2018 14:15:00,963.2,968.5,963.2,968,8882
26/06/2018 14:30:00,967.3,968.9,967,968.7,3304
26/06/2018 14:45:00,968,968,968,968,1927
27/06/2018 09:00:00,973.6,975.1,973.2,975,2120
27/06/2018 09:15:00,972.4,974.5,972,974.5,4046
27/06/2018 09:30:00,972.6,976,972.6,975.6,4716
27/06/2018 09:45:00,969.5,972.6,969.1,972.2,7387
27/06/2018 10:00:00,971.2,974,970.6,973.9,5323
27/06/2018 10:15:00,967.3,971.5,967,971.5,5929
27/06/2018 10:30:00,964,967.6,963.9,967.4,8745
27/06/2018 10:45:00,966.5,969.8,965.5,969.8,6282
27/06/2018 11:00:00,969.8,975.9,969.3,975.3,9155
27/06/2018 11:15:00,972.2,976,971.3,975.2,8033
27/06/2018 11:30:00,971.5,974.6,971.2,974.4,3520
27/06/2018 13:00:00,974.2,976.8,973.4,976.8,2358
27/06/2018 13:15:00,968.8,973.9,968.5,972.7,6841
27/06/2018 13:30:00,968.2,971.6,966.6,971.5,6773
27/06/2018 13:45:00,964.5,969.2,964.2,969,9448
27/06/2018 14:00:00,962.3,970,960.2,970,9687
27/06/2018 14:15:00,952.7,963,952,962.5,12214
27/06/2018 14:30:00,953.2,957,953,956.8,5441
27/06/2018 14:45:00,945,945,945,945,2925
28/06/2018 09:00:00,944.6,946.5,944,946.5,3105
28/06/2018 09:15:00,945.6,952,945.2,951.9,5016
28/06/2018 09:30:00,945.5,951.3,943.5,951,7234
28/06/2018 09:45:00,943,947,942.1,946.5,7030
28/06/2018 10:00:00,944,948.8,943.3,948.5,6721
28/06/2018 10:15:00,946,948.5,945.1,948,5455
28/06/2018 10:30:00,940.3,949.5,939,949.1,9203
28/06/2018 10:45:00,936.9,940.7,936.1,940.6,8526
28/06/2018 11:00:00,937,941.5,937,941,5703
28/06/2018 11:15:00,935,944.5,934.1,943.2,8829
28/06/2018 11:30:00,943.8,946.2,943.5,946.2,3906
28/06/2018 13:00:00,944,947,943.5,947,4219
28/06/2018 13:15:00,943.6,949.3,943.5,949.2,9334
28/06/2018 13:30:00,946.9,952.1,946.4,951.5,10970
28/06/2018 13:45:00,939,947.5,937,946.9,14098
28/06/2018 14:00:00,937.3,944.5,936,944.3,10336
28/06/2018 14:15:00,930.5,943.2,930.3,942.9,11512
28/06/2018 14:30:00,927,932,926.5,931.9,6425
28/06/2018 14:45:00,941,941,941,941,2868
29/06/2018 09:00:00,942.2,943.5,942,943,1809
29/06/2018 09:15:00,941.5,946.6,941.5,946.5,4410
29/06/2018 09:30:00,942.2,945.8,941.6,945.5,6499
29/06/2018 09:45:00,941.3,944.5,940.7,944.2,6629
29/06/2018 10:00:00,937,943.4,936.7,942.2,8877
29/06/2018 10:15:00,936.8,944,936.8,942.8,8196
29/06/2018 10:30:00,939.2,942.4,939.1,942.3,6364
29/06/2018 10:45:00,939.2,942.6,938.6,942.5,5739
29/06/2018 11:00:00,940,942.6,939.1,942.4,4505
29/06/2018 11:15:00,939.7,943,939.5,942.8,4921
29/06/2018 11:30:00,942.2,946.3,942,946,5797
29/06/2018 13:00:00,947.3,949.7,946.6,949.3,4590
29/06/2018 13:15:00,946,949.6,945.7,948.6,7320
29/06/2018 13:30:00,942.4,947,941.6,946.5,8682
29/06/2018 13:45:00,941,947.9,940.7,947,8501
29/06/2018 14:00:00,946.4,949.5,946.1,948.9,8207
29/06/2018 14:15:00,946.8,951.7,946,951,9812
29/06/2018 14:30:00,944.2,948.3,943.1,947.3,4761
29/06/2018 14:45:00,943.2,943.2,943.2,943.2,2604
02/07/2018 09:00:00,939.5,942,939.5,941.8,2094
02/07/2018 09:15:00,934.3,940.8,934.3,940.1,6050
02/07/2018 09:30:00,930.1,936.8,929.2,936.8,8074
02/07/2018 09:45:00,928.5,932.3,928.1,932,8204
02/07/2018 10:00:00,927.7,931.4,926.8,931.4,7224
02/07/2018 10:15:00,922,927,921.5,926,9850
02/07/2018 10:30:00,924,926.5,923.5,926.4,6442
02/07/2018 10:45:00,920,924.5,919.2,924,8113
02/07/2018 11:00:00,922.4,925,921.7,924.9,5565
02/07/2018 11:15:00,920.1,926,919.6,925.9,7010
02/07/2018 11:30:00,920.8,924.2,920.8,923.7,2682
02/07/2018 13:00:00,915,920,913,918.7,4788
02/07/2018 13:15:00,913,917.5,912.5,916.7,8445
02/07/2018 13:30:00,913.6,918.6,913.5,918,8777
02/07/2018 13:45:00,917.1,923.8,917,923,9311
02/07/2018 14:00:00,922.5,928,921.5,927.9,10849
02/07/2018 14:15:00,917.1,923.8,917,923,10024
02/07/2018 14:30:00,922,924.3,921.2,924.2,3713
02/07/2018 14:45:00,921,921,921,921,1737
03/07/2018 09:00:00,922.2,924,921.9,924,2385
03/07/2018 09:15:00,922,925.9,921.7,925,4608
03/07/2018 09:30:00,920.2,924.4,920.2,924.1,7245
03/07/2018 09:45:00,921.7,923.9,921.4,923.5,4166
03/07/2018 10:00:00,922.5,925.6,922.5,925.3,7702
03/07/2018 10:15:00,918.9,923.2,917.8,923.1,8057
03/07/2018 10:30:00,915.1,919.5,915.1,919.4,8862
03/07/2018 10:45:00,913.2,917.4,913.2,917.2,8504
03/07/2018 11:00:00,909.5,916.6,909.1,916.4,8942
03/07/2018 11:15:00,905.2,911.4,904.6,911.2,8273
03/07/2018 11:30:00,905.1,908,903.8,907.2,3517
03/07/2018 13:00:00,904.1,907.2,903.5,906,4917
03/07/2018 13:15:00,901.5,907.5,900.5,907.5,11996
03/07/2018 13:30:00,903.2,909.1,902.1,909,10829
03/07/2018 13:45:00,898.9,906.3,897.5,905.5,10911
03/07/2018 14:00:00,899.9,905.6,898.3,905.6,12020
03/07/2018 14:15:00,897.5,902,895.2,901.5,8688
03/07/2018 14:30:00,895.5,898,895,897.4,4327
03/07/2018 14:45:00,890.1,890.1,890.1,890.1,2501
04/07/2018 09:00:00,888.2,890.8,887.2,890.2,2772
04/07/2018 09:15:00,890.5,893.5,890.5,893.5,4835
04/07/2018 09:30:00,879.6,893.7,879.2,893.5,11639
04/07/2018 09:45:00,880.5,888,880.1,887.9,10466
04/07/2018 10:00:00,882,886,881.3,886,9499
04/07/2018 10:15:00,882.8,887,882.1,886.5,7503
04/07/2018 10:30:00,884.4,892.9,883.6,892.3,10428
04/07/2018 10:45:00,888,894,887.1,894,10204
04/07/2018 11:00:00,887.4,892,886.4,891.1,8340
04/07/2018 11:15:00,883.5,888,883.5,886.7,8164
04/07/2018 11:30:00,885,891.2,884.2,890.2,4999
04/07/2018 13:00:00,890.5,892.2,889.9,891.9,3186
04/07/2018 13:15:00,884.1,890.5,883.5,888.5,9368
04/07/2018 13:30:00,884.7,890.1,884.5,890,7806
04/07/2018 13:45:00,885,890.5,884.8,890.1,8109
04/07/2018 14:00:00,890,894.2,890,894.2,10535
04/07/2018 14:15:00,892,897.6,891.1,897,11301
04/07/2018 14:30:00,893.3,897.8,893,897,5608
04/07/2018 14:45:00,893,893,893,893,2475
05/07/2018 09:00:00,893,894.5,892.8,894,1758
05/07/2018 09:15:00,890.7,894,890,893.5,4777
05/07/2018 09:30:00,889,893.6,888.6,893.5,7258
05/07/2018 09:45:00,892,894.3,891.8,894.2,6846
05/07/2018 10:00:00,891,893.5,890.5,893.2,5018
05/07/2018 10:15:00,890.2,893.5,890.1,893.4,5090
05/07/2018 10:30:00,886.3,891,886.3,890.9,10538
05/07/2018 10:45:00,887.7,889.9,887,889.5,6086
05/07/2018 11:00:00,885.7,888,885.5,887.7,6908
05/07/2018 11:15:00,886,888.8,885.5,888.5,4988
05/07/2018 11:30:00,879.9,885.8,878.8,884,6488
05/07/2018 13:00:00,874.5,878.8,873.9,876.5,6046
05/07/2018 13:15:00,871.1,875.9,870.5,875.6,9999
05/07/2018 13:30:00,867.9,872.5,866.8,871.9,9947
05/07/2018 13:45:00,861.1,871,860.2,870.6,10573
05/07/2018 14:00:00,856.5,866.9,856.5,866.5,13904
05/07/2018 14:15:00,864,871.5,863,870.5,15510
05/07/2018 14:30:00,865,871,864.3,870.4,6470
05/07/2018 14:45:00,866,866,866,866,2557
06/07/2018 09:00:00,868,870.5,867.7,870.5,3043
06/07/2018 09:15:00,866.5,869,866.5,869,4692
06/07/2018 09:30:00,858,867.8,857.5,866.5,10509
06/07/2018 09:45:00,858,866.9,857.5,866.8,9679
06/07/2018 10:00:00,861.5,867.3,861.3,866.9,10626
06/07/2018 10:15:00,862,869.2,861.5,868.8,9265
06/07/2018 10:30:00,863.7,869.9,863.7,869.8,9372
06/07/2018 10:45:00,864.9,868.4,864.6,868.4,6944
06/07/2018 11:00:00,867.7,873.5,867.3,872.4,9402
06/07/2018 11:15:00,871.9,882.9,871.6,882,13540
06/07/2018 11:30:00,881,884.5,880.2,884.5,6279
06/07/2018 13:00:00,885,893.9,885,893.5,7246
06/07/2018 13:15:00,887,893.4,886.1,892.7,11950
06/07/2018 13:30:00,886,896,885.6,895.9,13493
06/07/2018 13:45:00,893.6,901.3,893.2,901.3,9726
06/07/2018 14:00:00,898.2,903.8,898.2,903.7,10630
06/07/2018 14:15:00,895.5,902.9,895.5,902.7,8808
06/07/2018 14:30:00,896,899.1,895.9,898.9,5350
06/07/2018 14:45:00,895,895,895,895,2787
09/07/2018 09:00:00,906.2,908.1,905.5,907.3,3327
09/07/2018 09:15:00,907.1,913.7,907.1,913,6020
09/07/2018 09:30:00,907,912.3,906.9,911.8,8079
09/07/2018 09:45:00,910.9,914.4,910.6,914.4,6752
09/07/2018 10:00:00,909.2,914.1,909.2,914,7504
09/07/2018 10:15:00,908.3,912.5,906.3,912,6639
09/07/2018 10:30:00,903.5,907.9,903.3,907.5,9496
09/07/2018 10:45:00,905,911,904.7,910.8,9066
09/07/2018 11:00:00,906.1,911.2,906,911,6972
09/07/2018 11:15:00,909.2,916,909,915.8,9408
09/07/2018 11:30:00,912.6,915,912,915,4646
09/07/2018 13:00:00,912.7,916.8,911.5,915.8,4072
09/07/2018 13:15:00,908.5,913.5,907.5,913.2,7252
09/07/2018 13:30:00,907,910.9,906.5,910.5,9344
09/07/2018 13:45:00,904,911,901.3,910.9,9135
09/07/2018 14:00:00,896.2,902,895.3,901,16091
09/07/2018 14:15:00,885.6,899.5,885.1,898.9,13104
09/07/2018 14:30:00,885.7,891.4,885.6,891.1,6670
09/07/2018 14:45:00,884,884,884,884,3140
10/07/2018 09:00:00,890.5,894.4,889.3,894.4,2997
10/07/2018 09:15:00,892.8,896.5,892.5,896.2,6048
10/07/2018 09:30:00,890.4,895,890.2,895,7412
10/07/2018 09:45:00,889.3,895.3,888.1,894.8,9085
10/07/2018 10:00:00,894,896.6,894,896,7551
10/07/2018 10:15:00,895.7,899.7,895.3,899.7,9198
10/07/2018 10:30:00,894.2,897.5,893.6,896,8314
10/07/2018 10:45:00,892.6,898.9,892.4,898.5,8268
10/07/2018 11:00:00,896.7,902.4,896.5,902.4,8594
10/07/2018 11:15:00,901.5,907.3,901.5,907,10338
10/07/2018 11:30:00,904.3,909.9,904,909.9,4275
10/07/2018 13:00:00,906.5,910.8,906,909.5,4800
10/07/2018 13:15:00,897,906.6,896.4,906.2,13100
10/07/2018 13:30:00,893,899,893,897.4,13475
10/07/2018 13:45:00,897,904,896.2,903,11642
10/07/2018 14:00:00,891.6,901,891.1,899,12499
10/07/2018 14:15:00,883.8,894.5,883,894.4,16027
10/07/2018 14:30:00,884.3,891.5,884.3,891.1,6635
10/07/2018 14:45:00,889,889,889,889,2298
11/07/2018 09:00:00,875,877.9,873.5,877,5243
11/07/2018 09:15:00,872.3,874.5,871.5,874.2,6365
11/07/2018 09:30:00,869.9,875.5,868.5,875.3,9252
11/07/2018 09:45:00,867.6,871.5,867.1,871.5,8932
11/07/2018 10:00:00,865,873,864.6,872.5,9657
11/07/2018 10:15:00,862.7,869,862,867.1,10803
11/07/2018 10:30:00,866.5,871.6,865.3,871.2,9746
11/07/2018 10:45:00,865,871.5,864.5,870.7,9691
11/07/2018 11:00:00,867,871.5,865.5,871,7343
11/07/2018 11:15:00,864.8,870,864.7,870,8928
11/07/2018 11:30:00,867,869.8,866.1,869,2736
11/07/2018 13:00:00,865.2,868.4,865.1,868,2817
11/07/2018 13:15:00,858.5,868.5,858.3,867.5,12620
11/07/2018 13:30:00,857.2,863.9,857,863.8,10164
11/07/2018 13:45:00,859.8,865.3,859,865,10024
11/07/2018 14:00:00,854.5,864.5,853.2,864,11856
11/07/2018 14:15:00,856,862.5,856,862.5,9593
11/07/2018 14:30:00,858,862.3,858,862,4399
11/07/2018 14:45:00,871,871,871,871,3635
12/07/2018 09:00:00,871,873,871,872.8,2850
12/07/2018 09:15:00,870.7,873.6,870.5,873.6,7081
12/07/2018 09:30:00,871.5,878,871.5,877.5,9311
12/07/2018 09:45:00,874,877.3,873.8,877,8075
12/07/2018 10:00:00,873.7,877.5,873.6,877.3,6608
12/07/2018 10:15:00,873,876.9,872.6,876.8,6351
12/07/2018 10:30:00,876.6,879.4,876.5,879.3,8853
12/07/2018 10:45:00,876.7,880.6,876.6,880.5,7861
12/07/2018 11:00:00,876.9,880.8,876.8,880.8,6022
12/07/2018 11:15:00,880.4,884.4,880,884.4,8269
12/07/2018 11:30:00,884.1,886,883.5,885.5,4595
12/07/2018 13:00:00,885.7,889.6,885.7,889.6,5197
12/07/2018 13:15:00,886.5,891,886.1,890.6,9558
12/07/2018 13:30:00,885.9,889.3,885.5,888.4,8167
12/07/2018 13:45:00,881.1,886.9,881,886,12883
12/07/2018 14:00:00,878,886,877.1,885.8,11143
12/07/2018 14:15:00,872,877.5,871,876,17216
12/07/2018 14:30:00,873,875.8,872.6,875.4,4754
12/07/2018 14:45:00,876,876,876,876,2280
13/07/2018 09:00:00,883,887,883,886.9,3534
13/07/2018 09:15:00,887.2,890.5,887.2,890.5,8401
13/07/2018 09:30:00,887.5,893.2,886.6,892.9,11471
13/07/2018 09:45:00,888.2,891.3,888.1,891.2,6386
13/07/2018 10:00:00,887.6,890.5,887.2,890.4,7503
13/07/2018 10:15:00,889.4,895.5,888.9,895,12229
13/07/2018 10:30:00,892.7,897.3,892.6,896.9,8575
13/07/2018 10:45:00,894.2,897.9,894.1,897.5,8956
13/07/2018 11:00:00,893.7,897.1,893.4,896.8,7284
13/07/2018 11:15:00,893.4,899.7,893,899.7,7797
13/07/2018 11:30:00,897.5,899.5,896.6,898.7,3037
13/07/2018 13:00:00,896,899.2,895.2,898,3785
13/07/2018 13:15:00,895.4,899.7,895.1,899.7,6690
13/07/2018 13:30:00,893.6,901,893.3,900,11258
13/07/2018 13:45:00,890.3,893.9,890.1,893.9,14678
13/07/2018 14:00:00,887.7,895.5,887.5,895.5,12686
13/07/2018 14:15:00,888.2,895.5,887,895,11777
13/07/2018 14:30:00,891.5,894.8,891.5,894.3,5255
13/07/2018 14:45:00,902,902,902,902,4160
16/07/2018 09:00:00,909,912,909,911.9,3077
16/07/2018 09:15:00,909,911.5,908.3,911.5,5039
16/07/2018 09:30:00,908.6,911.7,908.6,911.5,5942
16/07/2018 09:45:00,909.3,914.5,909,914.2,7607
16/07/2018 10:00:00,910.6,914.4,910.5,914,6691
16/07/2018 10:15:00,911,913.8,910.6,913.5,5240
16/07/2018 10:30:00,909,913.3,908.5,913,7480
16/07/2018 10:45:00,908.8,910.5,907.3,910.4,6720
16/07/2018 11:00:00,904.8,907.7,904.5,907.2,11961
16/07/2018 11:15:00,906.5,909,905,909,7159
16/07/2018 11:30:00,903.2,906,902.7,906,5934
16/07/2018 13:00:00,903,905,902.5,905,2465
16/07/2018 13:15:00,901.7,904,900,903.5,10516
16/07/2018 13:30:00,900,904.8,900,904.5,8892
16/07/2018 13:45:00,904,908.5,903.7,907.9,11407
16/07/2018 14:00:00,898.3,906,898.1,905.6,15375
16/07/2018 14:15:00,901.7,907.9,901.1,907.4,10324
16/07/2018 14:30:00,901.9,906.5,901.9,906.3,4929
16/07/2018 14:45:00,908,908,908,908,2909
17/07/2018 09:00:00,902,904.4,902,903.8,3412
17/07/2018 09:15:00,899.5,902.2,898.9,902,5991
17/07/2018 09:30:00,898.2,903,897.3,902.7,9001
17/07/2018 09:45:00,898.5,902,898.2,902,7803
17/07/2018 10:00:00,899,904.5,899,904,9037
17/07/2018 10:15:00,903,905.5,902.2,905,8648
17/07/2018 10:30:00,901.7,904.4,901.5,904.1,6133
17/07/2018 10:45:00,903.5,907.5,903.3,907.1,8711
17/07/2018 11:00:00,905,908.8,904.6,908.3,8147
17/07/2018 11:15:00,905.1,908.5,905.1,908.5,5681
17/07/2018 11:30:00,905.6,908.2,905.6,908.2,3291
17/07/2018 13:00:00,906.9,908.3,906.2,907.5,2150
17/07/2018 13:15:00,901.1,907.6,900.7,907.3,10930
17/07/2018 13:30:00,901.1,903.9,900.9,903.5,7609
17/07/2018 13:45:00,902.6,905.4,902.5,905.2,7826
17/07/2018 14:00:00,904.8,908.8,904,908.5,11029
17/07/2018 14:15:00,907,913.8,907,913.5,13033
17/07/2018 14:30:00,911.5,915,911.5,915,5711
17/07/2018 14:45:00,918,918,918,918,2610
18/07/2018 09:00:00,921.8,923.3,921.5,923.1,2861
18/07/2018 09:15:00,921.3,922.8,921.2,922.5,3755
18/07/2018 09:30:00,921,922.9,920.6,922.9,4058
18/07/2018 09:45:00,920.8,922.3,920.7,922.3,4259
18/07/2018 10:00:00,921.8,923.9,921.7,923.5,4766
18/07/2018 10:15:00,922.7,926,922.7,925.9,5860
18/07/2018 10:30:00,924,925.9,923.5,925.5,6057
18/07/2018 10:45:00,922.4,924.5,922.2,924,5158
18/07/2018 11:00:00,922,924.9,921.7,924.7,4992
18/07/2018 11:15:00,923,924.5,922.5,924.2,3409
18/07/2018 11:30:00,923.7,925.5,923.5,925.1,2976
18/07/2018 13:00:00,924.6,926.7,924.6,926.3,3106
18/07/2018 13:15:00,923.1,926.3,923.1,925.8,5115
18/07/2018 13:30:00,923.5,925.4,923.3,925,4038
18/07/2018 13:45:00,924.7,926.5,924.2,926.3,4036
18/07/2018 14:00:00,924.1,928.3,923.8,928.3,6335
18/07/2018 14:15:00,928.4,932.5,928,932,8470
18/07/2018 14:30:00,932,933.9,932,933.5,2801
18/07/2018 14:45:00,934.1,934.1,934.1,934.1,2419
19/07/2018 09:00:00,939,941,939,940,558
19/07/2018 09:15:00,935.5,938.6,935.5,938.6,1510
19/07/2018 09:30:00,936,938.2,936,938.2,1697
19/07/2018 09:45:00,935.7,937.9,935.6,937.9,1336
19/07/2018 10:00:00,937.6,939.6,937.5,939.4,1492
19/07/2018 10:15:00,938.3,942.1,938.2,941.8,1656
19/07/2018 10:30:00,940.1,942.3,940.1,942.3,1998
19/07/2018 10:45:00,939.8,941.8,939.5,941.3,1487
19/07/2018 11:00:00,937.5,940.2,937.5,940.2,2485
19/07/2018 11:15:00,939,941,938.5,940.5,1484
19/07/2018 11:30:00,938.7,941.1,938.7,940.6,827
19/07/2018 13:00:00,938.5,940,938.4,939.9,564
19/07/2018 13:15:00,938.5,940.4,938.3,940.1,1476
19/07/2018 13:30:00,938.5,941,938,941,2134
19/07/2018 13:45:00,935.5,937.9,935.3,937.8,3419
19/07/2018 14:00:00,936.9,940.5,936.6,940,3151
19/07/2018 14:15:00,938.6,940.6,938,940.6,2229
19/07/2018 14:30:00,936.8,939,936.4,939,1471
19/07/2018 14:45:00,938,938,938,938,918
20/07/2018 09:00:00,931.6,933,931.6,932.8,2409
20/07/2018 09:15:00,931.7,933.6,931.5,933.5,4495
20/07/2018 09:30:00,932.4,934,932.4,934,5130
20/07/2018 09:45:00,933.8,934.7,933.2,934.7,4254
20/07/2018 10:00:00,932.5,934.4,932.3,933.9,4187
20/07/2018 10:15:00,932.1,933.2,931.9,933.2,3576
20/07/2018 10:30:00,930,933.7,929.3,933.5,8677
20/07/2018 10:45:00,929.7,932.1,929.7,932.1,4746
20/07/2018 11:00:00,930.2,932.1,930.1,932,4482
20/07/2018 11:15:00,928.8,931.2,928.2,931.1,4449
20/07/2018 11:30:00,927.8,929.3,927.5,929,3179
20/07/2018 13:00:00,929.5,932.8,928.8,932.8,4672
20/07/2018 13:15:00,931.4,932.8,930.3,932.7,4939
20/07/2018 13:30:00,929.3,931,929,931,5784
20/07/2018 13:45:00,930.6,935.9,930.6,935.9,8135
20/07/2018 14:00:00,934.8,936.9,934.6,936.9,10050
20/07/2018 14:15:00,935.2,938.9,935.1,938.6,8792
20/07/2018 14:30:00,938.6,946,938.6,945.8,5305
20/07/2018 14:45:00,945,945,945,945,3473
23/07/2018 09:00:00,937.5,938.7,937.3,938.5,2392
23/07/2018 09:15:00,935,937.5,935,937.5,4286
23/07/2018 09:30:00,937.5,939.6,937.5,939.4,5485
23/07/2018 09:45:00,938,942,937.9,942,5279
23/07/2018 10:00:00,940.4,942.3,940.3,942.3,4025
23/07/2018 10:15:00,939.2,941.7,939.1,941.7,4038
23/07/2018 10:30:00,938.2,942.5,938.2,942.5,6259
23/07/2018 10:45:00,942.5,944.7,942.5,944.7,7241
23/07/2018 11:00:00,942.6,944.7,942.6,944.5,3947
23/07/2018 11:15:00,942.7,944.5,942.7,944.2,3796
23/07/2018 11:30:00,943.5,946,942.8,946,4340
23/07/2018 13:00:00,946.4,948.1,946.4,947.6,3544
23/07/2018 13:15:00,944.6,947.3,944.6,946.8,4842
23/07/2018 13:30:00,943.5,946,943.5,945.8,5688
23/07/2018 13:45:00,939,944.8,938.4,944.5,7974
23/07/2018 14:00:00,937.5,941.7,937.1,941.5,9717
23/07/2018 14:15:00,935.7,941.4,935.4,940.8,9864
23/07/2018 14:30:00,929.5,936.3,929.1,936.1,6634
23/07/2018 14:45:00,925,925,925,925,3081
24/07/2018 09:00:00,929.5,930.5,929.5,930.5,2294
24/07/2018 09:15:00,927.6,930.3,927.6,930.3,4289
24/07/2018 09:30:00,926.1,929.5,926,929.4,5210
24/07/2018 09:45:00,926.6,930.3,926.6,930.2,8083
24/07/2018 10:00:00,928.2,930.3,928,929.8,5785
24/07/2018 10:15:00,929,933.2,929,933.2,7706
24/07/2018 10:30:00,929.8,933.8,929.6,933.8,7140
24/07/2018 10:45:00,929.6,932.3,929.5,932.3,5412
24/07/2018 11:00:00,924.3,932.8,923.8,932.2,9551
24/07/2018 11:15:00,920.8,925.5,918.5,925.4,10065
24/07/2018 11:30:00,917,920,916,919.7,5453
24/07/2018 13:00:00,916.8,918.8,916.2,918.2,4652
24/07/2018 13:15:00,918,922.3,917.7,922,8902
24/07/2018 13:30:00,920.5,923.3,920.3,923.2,8124
24/07/2018 13:45:00,916,921.1,915.5,920.1,9571
24/07/2018 14:00:00,918.8,930,918.4,930,13134
24/07/2018 14:15:00,926,932.8,925.1,932,13510
24/07/2018 14:30:00,918.9,924.9,918.9,924,6903
24/07/2018 14:45:00,924,924,924,924,2474
25/07/2018 09:00:00,927,927.8,926.5,927.8,1464
25/07/2018 09:15:00,926.8,929.3,926.6,929.2,2958
25/07/2018 09:30:00,927.6,930,927.6,929.8,4405
25/07/2018 09:45:00,928.6,931.5,928.2,931.1,6424
25/07/2018 10:00:00,927,929.5,926.6,929.2,5229
25/07/2018 10:15:00,925,929.2,924.2,929.2,6317
25/07/2018 10:30:00,923.3,925.7,922.3,925.3,9402
25/07/2018 10:45:00,923.5,926.4,923,925.7,7150
25/07/2018 11:00:00,920.1,924.3,919.8,924,9747
25/07/2018 11:15:00,922,926.3,921,926.3,7051
25/07/2018 11:30:00,924.6,926.5,924.6,926.5,3012
25/07/2018 13:00:00,923.4,927,923.2,926.2,3443
25/07/2018 13:15:00,923.1,925.5,922.6,925.2,6078
25/07/2018 13:30:00,921.1,923.5,920.6,922.9,7439
25/07/2018 13:45:00,920.6,926.7,920.4,926.5,9562
25/07/2018 14:00:00,921.9,926,919.9,925.5,8475
25/07/2018 14:15:00,917.7,920.9,917.3,920.6,12351
25/07/2018 14:30:00,914,922.3,914,921.8,7438
25/07/2018 14:45:00,911,911,911,911,3117
26/07/2018 09:00:00,912.1,913.5,912.1,913.3,1735
26/07/2018 09:15:00,911,914.3,910.5,914.3,5142
26/07/2018 09:30:00,910.6,913.7,910.6,913.5,6587
26/07/2018 09:45:00,910.8,913.7,910.4,912.6,5717
26/07/2018 10:00:00,911.3,913.5,911.2,913.3,5516
26/07/2018 10:15:00,911.9,914.5,911.5,914,7335
26/07/2018 10:30:00,908.3,912.3,907.3,912,7965
26/07/2018 10:45:00,905.4,909.8,904.6,909.7,8301
26/07/2018 11:00:00,904.2,907.5,904.2,907.2,7815
26/07/2018 11:15:00,905.9,909,905.6,909,7096
26/07/2018 11:30:00,906,908.7,905.7,907.9,2437
26/07/2018 13:00:00,907.5,909.4,907.2,909.4,2387
26/07/2018 13:15:00,906,910.2,905.1,910,7063
26/07/2018 13:30:00,904.9,908,904.6,907.5,6922
26/07/2018 13:45:00,906.8,912.5,906.8,912.3,11798
26/07/2018 14:00:00,906.5,911,906.1,909.7,9414
26/07/2018 14:15:00,908.1,914.9,908.1,914.5,11451
26/07/2018 14:30:00,911.5,915.9,911,915.8,4865
26/07/2018 14:45:00,919.8,919.8,919.8,919.8,3579
27/07/2018 09:00:00,918.4,920.9,918.2,920.6,2511
27/07/2018 09:15:00,919.6,921.8,919.5,921.8,4127
27/07/2018 09:30:00,919.5,921.5,919.1,921.2,5363
27/07/2018 09:45:00,919.2,921.5,919,921.4,5003
27/07/2018 10:00:00,919.5,922,919.2,922,4479
27/07/2018 10:15:00,919.8,923,919.7,922.8,5407
27/07/2018 10:30:00,922,923.5,922,923.5,5993
27/07/2018 10:45:00,922.2,924.7,922.1,924.2,5980
27/07/2018 11:00:00,922,924.7,922,924.7,4581
27/07/2018 11:15:00,923.7,925.4,923.6,925,5295
27/07/2018 11:30:00,924,926.4,923.8,925.8,4024
27/07/2018 13:00:00,924.5,926.7,924.3,926.3,2746
27/07/2018 13:15:00,924,926,923.6,925.9,5983
27/07/2018 13:30:00,923.6,926.2,923.6,926,5800
27/07/2018 13:45:00,923,925.6,922.6,925,6974
27/07/2018 14:00:00,923.7,926.2,923.5,926.2,7049
27/07/2018 14:15:00,922.7,926,922.5,925.7,8736
27/07/2018 14:30:00,922.7,924,922.4,923.6,3773
27/07/2018 14:45:00,925,925,925,925,3744
30/07/2018 09:00:00,926.4,929.2,926.4,929,2166
30/07/2018 09:15:00,929,930.2,928.7,930,4349
30/07/2018 09:30:00,928.8,931.4,928.8,931.3,5276
30/07/2018 09:45:00,930.6,933,930.3,932.7,4622
30/07/2018 10:00:00,931.5,932.6,931.4,932.4,3049
30/07/2018 10:15:00,931,932.1,930.9,932,3883
30/07/2018 10:30:00,930.9,932.5,930.8,932.3,2892
30/07/2018 10:45:00,930.8,932.2,930.6,931.9,2812
30/07/2018 11:00:00,930.7,933.4,930.6,933.1,4742
30/07/2018 11:15:00,932.6,934.3,932.5,934.1,4989
30/07/2018 11:30:00,933.5,935.3,933.5,935.3,1870
30/07/2018 13:00:00,934.4,936,933.9,935.8,3041
30/07/2018 13:15:00,933.8,934.7,933.6,934.5,3455
30/07/2018 13:30:00,933,935.4,933,935.2,4312
30/07/2018 13:45:00,932.4,934.4,932.2,934.4,5921
30/07/2018 14:00:00,934.4,935.7,934.2,935.7,5042
30/07/2018 14:15:00,933.5,938,933.4,937.8,5725
30/07/2018 14:30:00,937.8,940.7,937.6,940.3,6149
30/07/2018 14:45:00,937.5,937.5,937.5,937.5,3035
31/07/2018 09:00:00,937.1,938.4,936.8,938.3,2110
31/07/2018 09:15:00,935.8,937.1,935.5,937.1,4385
31/07/2018 09:30:00,936.8,938.5,936.8,938.3,5866
31/07/2018 09:45:00,937.1,938.6,936.9,938.5,4535
31/07/2018 10:00:00,937.8,941.2,937.7,940.7,6488
31/07/2018 10:15:00,940.7,942.2,940.5,942,7812
31/07/2018 10:30:00,941.2,943.9,941,943.8,6690
31/07/2018 10:45:00,941.8,943.6,941.8,943.5,4597
31/07/2018 11:00:00,943.5,944.7,943.4,944.5,4259
31/07/2018 11:15:00,942.2,944.2,942.1,944.1,4955
31/07/2018 11:30:00,941,942.6,940.7,942,3880
31/07/2018 13:00:00,940.8,942,940.6,941.9,2520
31/07/2018 13:15:00,938.8,941.5,938.5,941.3,7718
31/07/2018 13:30:00,939.1,941.2,938.8,941.1,6554
31/07/2018 13:45:00,941.2,943.4,941,943.4,8179
31/07/2018 14:00:00,941.8,944.3,941.7,944.2,7305
31/07/2018 14:15:00,942.7,945.4,942.7,945.3,8551
31/07/2018 14:30:00,941.9,944.2,941.4,943.5,5194
31/07/2018 14:45:00,938.5,938.5,938.5,938.5,3035
01/08/2018 09:00:00,938.8,940.4,938.8,940.3,2370
01/08/2018 09:15:00,938.9,940.3,938.8,940.2,4088
01/08/2018 09:30:00,939.2,941.8,939.2,941.8,5766
01/08/2018 09:45:00,941,942.8,940.9,942.4,5914
01/08/2018 10:00:00,939.7,942,939.6,941.7,4941
01/08/2018 10:15:00,939.9,943,939.9,942.8,6094
01/08/2018 10:30:00,941.3,942.8,941,942.7,4459
01/08/2018 10:45:00,941.6,943,941.5,942.9,3956
01/08/2018 11:00:00,940.8,942.3,940.8,941.6,5530
01/08/2018 11:15:00,939.2,941.3,939,941.2,6118
01/08/2018 11:30:00,939.1,940.7,938.9,940.7,3319
01/08/2018 13:00:00,940,940.9,939.8,940.7,2142
01/08/2018 13:15:00,936.7,940.5,936.5,940.2,6012
01/08/2018 13:30:00,936,937.8,935.5,937.8,7557
01/08/2018 13:45:00,936.2,937.9,935.7,937.9,6190
01/08/2018 14:00:00,934,936.9,933.1,936.8,7394
01/08/2018 14:15:00,931.7,934.3,931.6,934.3,9708
01/08/2018 14:30:00,933.5,934.4,933.2,934.1,3909
01/08/2018 14:45:00,934,934,934,934,2229
02/08/2018 09:00:00,931.6,933,931.6,932.6,2121
02/08/2018 09:15:00,931,932.5,930.8,932.3,3942
02/08/2018 09:30:00,931.1,932.3,931.1,932,4218
02/08/2018 09:45:00,929.8,931,929.2,930.5,6403
02/08/2018 10:00:00,929.3,931.1,929.3,930.9,3935
02/08/2018 10:15:00,930.5,932.2,930.5,931.9,5017
02/08/2018 10:30:00,929.6,932,929.5,931.8,5656
02/08/2018 10:45:00,928.1,930.8,927.7,930.6,5270
02/08/2018 11:00:00,926.9,928.7,926.8,928.6,6893
02/08/2018 11:15:00,925.5,928.3,925.2,928.2,5863
02/08/2018 11:30:00,925.2,926.4,924.8,926.4,3679
02/08/2018 13:00:00,924,926,923.6,925,3305
02/08/2018 13:15:00,923.8,925.5,923.8,925.5,4330
02/08/2018 13:30:00,923.3,926.3,923.2,926.3,5920
02/08/2018 13:45:00,926,928.2,926,928.1,8481
02/08/2018 14:00:00,925.8,928,925.6,927.6,6092
02/08/2018 14:15:00,926.3,931.7,926.2,931.5,8946
02/08/2018 14:30:00,931.5,934.5,931.5,934.5,5562
02/08/2018 14:45:00,938.2,938.2,938.2,938.2,2930
03/08/2018 09:00:00,938.2,941.5,938.2,941.5,1701
03/08/2018 09:15:00,940.7,942.2,940.6,942,3377
03/08/2018 09:30:00,940.8,942.1,940.5,942.1,6039
03/08/2018 09:45:00,942.1,944.2,941.9,943.9,6978
03/08/2018 10:00:00,942.5,944.3,942.5,944.3,4826
03/08/2018 10:15:00,942.4,944.8,942.3,944.5,3542
03/08/2018 10:30:00,941.7,942.8,941.6,942.7,3598
03/08/2018 10:45:00,940.6,942.7,940.6,942.4,3517
03/08/2018 11:00:00,940.6,942.8,940.3,942.7,3448
03/08/2018 11:15:00,942.7,943.5,942.6,943.4,4111
03/08/2018 11:30:00,942.7,944,942.7,944,2154
03/08/2018 13:00:00,942.5,943.7,941.5,943.1,1711
03/08/2018 13:15:00,941.5,943.5,941.4,943.4,3853
03/08/2018 13:30:00,942.7,944,942.6,943.8,3123
03/08/2018 13:45:00,942.1,944.2,941.9,944,3600
03/08/2018 14:00:00,936.8,943,936.7,942.6,7820
03/08/2018 14:15:00,937,939.4,936.8,939.2,6227
03/08/2018 14:30:00,938,939.1,937.6,939,2559
03/08/2018 14:45:00,935,935,935,935,2528
06/08/2018 09:00:00,936.9,938,936.6,937.3,3064
06/08/2018 09:15:00,935.2,937.1,935.1,937,5880
06/08/2018 09:30:00,934.5,935.5,934.3,935.4,9638
06/08/2018 09:45:00,933.4,935.5,933.2,935.4,9408
06/08/2018 10:00:00,932.6,933.9,932.4,933.9,7480
06/08/2018 10:15:00,933,935.2,933,935.2,8376
06/08/2018 10:30:00,934.4,936.1,934.4,936,10824
06/08/2018 10:45:00,934,935.3,933.8,935.1,6678
06/08/2018 11:00:00,931.9,934.7,931.3,934.3,12368
06/08/2018 11:15:00,933.4,936.3,933.3,936,9952
06/08/2018 11:30:00,935.7,937.9,935.3,937.9,8308
06/08/2018 13:00:00,937.5,938.9,937.3,938.8,7248
06/08/2018 13:15:00,936.7,938.7,936.7,938.5,12160
06/08/2018 13:30:00,936.9,938.3,936.4,938.2,9016
06/08/2018 13:45:00,934.8,936.9,934.6,936.7,16098
06/08/2018 14:00:00,934,937.1,933.7,936.8,14212
06/08/2018 14:15:00,934,938.3,934,937.9,18088
06/08/2018 14:30:00,930.5,935.4,930,933.8,15982
06/08/2018 14:45:00,934.6,934.6,934.6,934.6,5630
07/08/2018 09:00:00,934.9,935.6,934.5,935.6,2804
07/08/2018 09:15:00,932,934.9,931.9,934.8,6772
07/08/2018 09:30:00,931.8,933.7,931.8,933.7,10928
07/08/2018 09:45:00,932.2,934.5,932.1,934.2,8670
07/08/2018 10:00:00,934.1,936.4,933.9,935.8,15860
07/08/2018 10:15:00,934.9,936.5,934.7,936.5,11286
07/08/2018 10:30:00,934.5,936.1,934.4,936,7170
07/08/2018 10:45:00,933.9,935.8,933.7,935.8,8700
07/08/2018 11:00:00,933.8,935.6,933.6,935.5,9914
07/08/2018 11:15:00,933,934.8,932.6,934.6,8810
07/08/2018 11:30:00,933,934.1,933,934,4114
07/08/2018 13:00:00,933.3,935,933.3,934.9,4150
07/08/2018 13:15:00,933.7,936.3,933.6,936,11090
07/08/2018 13:30:00,934.2,936,933.9,935.8,9824
07/08/2018 13:45:00,934.1,935.7,934,935.5,7546
07/08/2018 14:00:00,935.1,937.8,935.1,937.2,18376
07/08/2018 14:15:00,934.5,936.4,934.2,936.2,10204
07/08/2018 14:30:00,934.5,935.2,934.3,935,7312
07/08/2018 14:45:00,934.5,934.5,934.5,934.5,4088
08/08/2018 09:00:00,935.2,935.8,935,935.6,1482
08/08/2018 09:15:00,934.9,936.6,934.9,936.5,3167
08/08/2018 09:30:00,935.8,937.1,935.7,936.9,3710
08/08/2018 09:45:00,936.7,937.7,936.7,937.7,4308
08/08/2018 10:00:00,937,938,936.8,937.9,3765
08/08/2018 10:15:00,936.5,937.3,936.4,937.3,2866
08/08/2018 10:30:00,936.8,937.7,936.7,937.7,2728
08/08/2018 10:45:00,936.9,937.6,936.8,937.4,1963
08/08/2018 11:00:00,936.9,938.3,936.9,938.1,3817
08/08/2018 11:15:00,938.1,939.3,938.1,939.1,4256
08/08/2018 11:30:00,938.9,939.7,938.9,939.6,1849
08/08/2018 13:00:00,939.5,940.3,939.5,940.1,2016
08/08/2018 13:15:00,939.2,940.1,939.1,939.8,3459
08/08/2018 13:30:00,939.5,941.2,939.4,941.1,4093
08/08/2018 13:45:00,939.6,941.7,939.5,941.6,5041
08/08/2018 14:00:00,940.1,941.7,939.6,941.5,4396
08/08/2018 14:15:00,940.1,941.4,940.1,941.3,4135
08/08/2018 14:30:00,941,942.6,940.9,942.4,4259
08/08/2018 14:45:00,943.5,943.5,943.5,943.5,2798
09/08/2018 09:00:00,945.8,947.2,945.8,947.1,2350
09/08/2018 09:15:00,947,947.9,946.9,947.9,4213
09/08/2018 09:30:00,947.2,948.5,947.2,948.4,4109
09/08/2018 09:45:00,948,948.9,948,948.9,2835
09/08/2018 10:00:00,947.8,948.6,947.8,948.6,1991
09/08/2018 10:15:00,947.8,949.5,947.8,949.5,5390
09/08/2018 10:30:00,949.1,950.8,949,950.5,4171
09/08/2018 10:45:00,949.5,950.5,949.5,950.5,2380
09/08/2018 11:00:00,948.8,950.2,948.7,950.1,3205
09/08/2018 11:15:00,948.7,950.1,947.8,950.1,3762
09/08/2018 11:30:00,947.2,948.4,947.2,948,2447
09/08/2018 13:00:00,947.6,948.6,947.4,948.5,2096
09/08/2018 13:15:00,947.7,949.3,947.7,949.2,3089
09/08/2018 13:30:00,945.8,948.6,945.3,948.4,5570
09/08/2018 13:45:00,943.7,946.6,943.5,946.5,7472
09/08/2018 14:00:00,945,947.8,944.7,947.4,7676
09/08/2018 14:15:00,942.9,946.7,942.6,946.6,8757
09/08/2018 14:30:00,942,945,941.5,944.9,4514
09/08/2018 14:45:00,940.2,940.2,940.2,940.2,3053
10/08/2018 09:00:00,938.5,939.7,938.5,939.5,1485
10/08/2018 09:15:00,938.9,941,938.9,941,2873
10/08/2018 09:30:00,940.2,941.4,940.1,941.3,3236
10/08/2018 09:45:00,940.2,941.3,940.2,941.2,2849
10/08/2018 10:00:00,940.1,941.4,939.8,941.4,3335
10/08/2018 10:15:00,940.8,942.6,940.8,942.5,5411
10/08/2018 10:30:00,941.3,942.1,941.2,942,2473
10/08/2018 10:45:00,940.3,941.5,940.3,941.5,3333
10/08/2018 11:00:00,937.7,940.9,937.7,940.5,8109
10/08/2018 11:15:00,937.3,939.2,937.3,939.1,5293
10/08/2018 11:30:00,936.5,938.5,936.5,938.1,2680
10/08/2018 13:00:00,936,937,936,937,2122
10/08/2018 13:15:00,936.7,938.9,936.3,938.8,4479
10/08/2018 13:30:00,937.9,940.3,937.8,939.9,6284
10/08/2018 13:45:00,939.1,940.9,939,940.7,4841
10/08/2018 14:00:00,939.8,945.9,939.8,945.5,11193
10/08/2018 14:15:00,944,947.5,943.6,947.1,9137
10/08/2018 14:30:00,945.8,946.9,945.2,946.8,3205
10/08/2018 14:45:00,946.5,946.5,946.5,946.5,2724
13/08/2018 09:00:00,943,943.6,942.9,943.5,2674
13/08/2018 09:15:00,942.3,943.3,942.3,943.3,4041
13/08/2018 09:30:00,943.1,945.9,943,945.5,5626
13/08/2018 09:45:00,943.5,945.2,943.3,945,4235
13/08/2018 10:00:00,945,946.4,945,946.3,4833
13/08/2018 10:15:00,944.6,945.8,944.5,945.6,3752
13/08/2018 10:30:00,943.5,944.9,943.5,944.4,4044
13/08/2018 10:45:00,943,945,942.9,944.9,3894
13/08/2018 11:00:00,942.7,945.3,942.3,945.3,4781
13/08/2018 11:15:00,944.9,946.1,944.6,946.1,3549
13/08/2018 11:30:00,945.3,947.3,945.3,947.3,2327
13/08/2018 13:00:00,947.4,948.8,947.2,948.6,3248
13/08/2018 13:15:00,947.7,948.9,947.3,948.7,3979
13/08/2018 13:30:00,947,948.3,946.7,948.2,5999
13/08/2018 13:45:00,948,949.6,947.8,949.5,5421
13/08/2018 14:00:00,947.5,951,947.4,950.8,6263
13/08/2018 14:15:00,950.8,953.3,950.8,953.2,7263
13/08/2018 14:30:00,952.5,954.6,952.5,954.3,3398
13/08/2018 14:45:00,953,953,953,953,2214
14/08/2018 09:00:00,954.5,955.5,954.3,955.2,1387
14/08/2018 09:15:00,954.3,957,954.3,956.9,3455
14/08/2018 09:30:00,955.2,957,955.2,957,3995
14/08/2018 09:45:00,955.9,956.9,955.6,956.8,2902
14/08/2018 10:00:00,955,956,954.7,956,2990
14/08/2018 10:15:00,955.5,957.3,955.3,957.1,3598
14/08/2018 10:30:00,955,956.6,954.7,956.5,3652
14/08/2018 10:45:00,952.4,954.9,952.2,954.1,7059
14/08/2018 11:00:00,953.2,954.4,953,954.3,4520
14/08/2018 11:15:00,952.3,954.3,952.1,954.2,4203
14/08/2018 11:30:00,953.6,955,953.6,954.8,1847
14/08/2018 13:00:00,952.6,954.5,952.5,954.2,1643
14/08/2018 13:15:00,953,956.9,952.9,956.9,6376
14/08/2018 13:30:00,955.8,957.9,955.8,957.9,5653
14/08/2018 13:45:00,956.6,958.6,956.5,958.4,7049
14/08/2018 14:00:00,957.3,961.7,956.8,961.6,7340
14/08/2018 14:15:00,960.3,961.8,960.2,961.6,6656
14/08/2018 14:30:00,960,960.8,959.8,960.5,3206
14/08/2018 14:45:00,959.3,959.3,959.3,959.3,1735
15/08/2018 09:00:00,958,959.3,958,959.3,1441
15/08/2018 09:15:00,959.2,961.1,959.2,961.1,3329
15/08/2018 09:30:00,959,960.4,959,960.4,4091
15/08/2018 09:45:00,959.6,961.1,959.6,961.1,3093
15/08/2018 10:00:00,960.2,961.5,960.2,961.5,3538
15/08/2018 10:15:00,959.7,960.5,959.6,960.3,3302
15/08/2018 10:30:00,960.1,962.3,960.1,962.1,4698
15/08/2018 10:45:00,958.6,962,958.1,961.9,5615
15/08/2018 11:00:00,957.7,959.4,957.5,959.4,6653
15/08/2018 11:15:00,956.7,959.4,956.2,958.3,5403
15/08/2018 11:30:00,956.2,958.2,956,958.2,2644
15/08/2018 13:00:00,955.6,957.9,955.6,957.1,2201
15/08/2018 13:15:00,954.8,956.6,954.7,956.6,6127
15/08/2018 13:30:00,955.2,957.4,955.1,957.3,4145
15/08/2018 13:45:00,955.9,959.2,955.9,958.8,6380
15/08/2018 14:00:00,956.5,959.9,956,959.8,6636
15/08/2018 14:15:00,950.4,957,949.9,956.9,12426
15/08/2018 14:30:00,951,952.4,951,952.1,5229
15/08/2018 14:45:00,946.6,946.6,946.6,946.6,2498
16/08/2018 09:00:00,940,941.7,940,941.7,613
16/08/2018 09:15:00,940.3,941.6,940.3,941.6,1028
16/08/2018 09:30:00,940.5,941.5,940.3,941.2,1902
16/08/2018 09:45:00,940.3,941.5,940,941.4,1058
16/08/2018 10:00:00,938.6,941,938.5,940.9,1806
16/08/2018 10:15:00,939.6,940.9,939.6,940.5,1017
16/08/2018 10:30:00,938.9,939.8,938.7,939.8,644
16/08/2018 10:45:00,936.6,940.4,936.1,940.3,909
16/08/2018 11:00:00,934.2,936.9,934,936.2,2023
16/08/2018 11:15:00,934.5,935.9,934.5,935.9,768
16/08/2018 11:30:00,936,937.4,936,937.3,637
16/08/2018 13:00:00,937.3,938.6,937.3,938.5,614
16/08/2018 13:15:00,935.7,938.3,935.6,938,979
16/08/2018 13:30:00,937,940,937,940,1442
16/08/2018 13:45:00,939.8,942,939.8,941.7,3147
16/08/2018 14:00:00,940.3,945,940.3,945,3094
16/08/2018 14:15:00,945.1,948.4,945.1,947.5,3300
16/08/2018 14:30:00,945.3,946.4,945.1,945.9,1714
16/08/2018 14:45:00,945.9,945.9,945.9,945.9,1683
17/08/2018 09:00:00,952.2,953.2,952.1,953.1,3487
17/08/2018 09:15:00,952.7,953.7,952.7,953.5,3597
17/08/2018 09:30:00,952.5,953.6,952.4,953.6,4806
17/08/2018 09:45:00,951.3,953.2,951.3,952.8,3723
17/08/2018 10:00:00,951.4,952.5,951.2,952.4,3039
17/08/2018 10:15:00,951.5,953.7,951.3,953.4,4495
17/08/2018 10:30:00,950.5,953.3,950.5,953.2,4668
17/08/2018 10:45:00,948.7,951,948.6,950.6,6779
17/08/2018 11:00:00,948.8,951.6,948.5,951.6,5038
17/08/2018 11:15:00,951.5,953.4,951.5,953.4,6344
17/08/2018 11:30:00,953.3,954.6,953.3,954.5,3888
17/08/2018 13:00:00,953.2,954.4,953,954.2,2513
17/08/2018 13:15:00,952.4,953.9,952.3,953.8,4888
17/08/2018 13:30:00,949.4,952.8,949.3,952.4,8302
17/08/2018 13:45:00,946.4,951.3,946.4,951.1,8982
17/08/2018 14:00:00,945.9,949,945.8,949,8577
17/08/2018 14:15:00,946.4,949.9,945.9,949.7,7492
17/08/2018 14:30:00,945.5,949.4,945,949.3,5125
17/08/2018 14:45:00,947,947,947,947,2788
20/08/2018 09:00:00,945.7,946.5,945.5,946.4,1731
20/08/2018 09:15:00,945.6,946.5,945.6,946.5,2211
20/08/2018 09:30:00,944.7,947.1,944.6,946.8,4058
20/08/2018 09:45:00,944.2,946,944.1,946,4315
20/08/2018 10:00:00,945.1,946.4,945,946.1,3010
20/08/2018 10:15:00,946.1,948,946,948,4836
20/08/2018 10:30:00,946.7,948,946.5,947.7,4018
20/08/2018 10:45:00,945.4,946.5,945.3,946.4,4125
20/08/2018 11:00:00,946.4,948.5,946.1,948.3,5663
20/08/2018 11:15:00,947.6,949.4,947.2,949.3,5637
20/08/2018 11:30:00,949,950.7,948.8,950.6,2716
20/08/2018 13:00:00,950,951,949.9,951,2598
20/08/2018 13:15:00,949.2,951,949,951,4273
20/08/2018 13:30:00,948.4,950,948.2,950,4803
20/08/2018 13:45:00,949.9,951.5,949.7,951.3,6584
20/08/2018 14:00:00,945.5,949.9,945.2,949.9,9519
20/08/2018 14:15:00,942.7,945.9,942.6,945.4,10726
20/08/2018 14:30:00,943.8,945.4,943.8,945.2,5554
20/08/2018 14:45:00,945,945,945,945,1833
21/08/2018 09:00:00,944.2,944.7,944,944.6,1137
21/08/2018 09:15:00,944.4,946,944.3,946,2520
21/08/2018 09:30:00,945.1,946.3,944.9,946.2,3669
21/08/2018 09:45:00,945.2,946.4,945.2,946.4,3558
21/08/2018 10:00:00,945.5,947.1,945.4,946.9,4463
21/08/2018 10:15:00,944.5,946.2,944.5,946.1,4314
21/08/2018 10:30:00,945.7,947.7,945.7,947.6,7133
21/08/2018 10:45:00,946.4,947.3,946.3,947.1,4087
21/08/2018 11:00:00,947,948.7,947,948.7,5756
21/08/2018 11:15:00,946.6,948.1,946.6,947.9,3910
21/08/2018 11:30:00,946.8,948.1,946.7,947.9,1601
21/08/2018 13:00:00,947.5,948.4,947.5,948.4,1258
21/08/2018 13:15:00,947.9,949.7,947.8,949.4,4723
21/08/2018 13:30:00,948.8,950.6,948.7,950.5,7638
21/08/2018 13:45:00,948,950.8,948,950.7,6724
21/08/2018 14:00:00,949.2,951.8,949,951.8,6926
21/08/2018 14:15:00,951,953.5,950.7,953.5,7765
21/08/2018 14:30:00,952.8,954.9,952.6,954.8,3572
21/08/2018 14:45:00,958.5,958.5,958.5,958.5,2964
22/08/2018 09:00:00,959.3,960.3,959.2,960.3,2172
22/08/2018 09:15:00,959.4,960.3,959.4,960.1,2618
22/08/2018 09:30:00,958.9,959.9,958.8,959.8,3693
22/08/2018 09:45:00,958.3,960,958.3,959.9,3192
22/08/2018 10:00:00,958.4,959.6,958.4,959.6,2794
22/08/2018 10:15:00,958.9,960.6,958.8,960.5,3703
22/08/2018 10:30:00,958.1,960.4,958,960.2,5970
22/08/2018 10:45:00,958.4,959.9,958.4,959.9,3538
22/08/2018 11:00:00,958.5,960.2,958.4,960.1,3362
22/08/2018 11:15:00,956.8,959.3,956.7,959.3,6307
22/08/2018 11:30:00,956.5,957.5,956.4,957.1,4245
22/08/2018 13:00:00,956.7,957.8,956.6,957.7,1765
22/08/2018 13:15:00,956.5,958.5,956.4,958.3,5214
22/08/2018 13:30:00,955.9,957.8,955.9,957.5,6110
22/08/2018 13:45:00,957,960.1,957,960.1,10181
22/08/2018 14:00:00,956.5,959.5,956.5,959.5,6086
22/08/2018 14:15:00,954.6,957.9,954.5,957.6,9305
22/08/2018 14:30:00,953.8,955.1,953.6,955.1,4958
22/08/2018 14:45:00,957,957,957,957,2375
23/08/2018 09:00:00,956.9,957.4,956.6,957.4,800
23/08/2018 09:15:00,956.6,957.5,956.6,957.4,1657
23/08/2018 09:30:00,957.3,958.2,957.3,958.2,3198
23/08/2018 09:45:00,956.9,958.7,956.9,958.7,3748
23/08/2018 10:00:00,958.5,959.5,958.4,959.3,5936
23/08/2018 10:15:00,958.8,959.9,958.7,959.8,3915
23/08/2018 10:30:00,958.4,959.9,958.4,959.8,3784
23/08/2018 10:45:00,958,959,958,959,4208
23/08/2018 11:00:00,956.8,958.7,956.7,958.7,5405
23/08/2018 11:15:00,957.3,958.4,957.3,958.2,4037
23/08/2018 11:30:00,957.9,959.2,957.7,959.2,2671
23/08/2018 13:00:00,958.8,959.5,958.6,959.3,1752
23/08/2018 13:15:00,956.8,959,956.4,958.7,4570
23/08/2018 13:30:00,955.8,959.4,955.8,959.2,6911
23/08/2018 13:45:00,958,959.3,957.9,959.2,4838
23/08/2018 14:00:00,959.1,963.3,958.8,963.1,11804
23/08/2018 14:15:00,961.7,963.5,961.7,963.4,8521
23/08/2018 14:30:00,960.2,962.3,960,961.9,4849
23/08/2018 14:45:00,960.6,960.6,960.6,960.6,2006
24/08/2018 09:00:00,959,959.5,958.9,959.5,1305
24/08/2018 09:15:00,958.5,959.4,958.5,959.4,3369
24/08/2018 09:30:00,958.7,959.5,958.7,959.5,3503
24/08/2018 09:45:00,958.5,959.5,958.5,959.5,3204
24/08/2018 10:00:00,958.4,960,958.1,960,3335
24/08/2018 10:15:00,958.1,959.2,958,959.2,2999
24/08/2018 10:30:00,958.5,959.6,958.3,959.5,2380
24/08/2018 10:45:00,957.7,958.9,957.6,958.6,3577
24/08/2018 11:00:00,956.5,958.2,956.4,958.1,4834
24/08/2018 11:15:00,957,958.1,956.8,958,2746
24/08/2018 11:30:00,957.7,959,957.7,958.9,2075
24/08/2018 13:00:00,958.7,959.6,958.7,959.4,2413
24/08/2018 13:15:00,959.1,960.7,959.1,960.5,6228
24/08/2018 13:30:00,960.2,961.6,960,961.4,6982
24/08/2018 13:45:00,959.7,961,959.6,960.7,4871
24/08/2018 14:00:00,959.5,961.3,959.2,961,4684
24/08/2018 14:15:00,959,963,959,962.5,8143
24/08/2018 14:30:00,958.5,962,958.5,961.5,4284
24/08/2018 14:45:00,958.5,958.5,958.5,958.5,2190
27/08/2018 09:00:00,960.8,961.6,960.7,961.5,1741
27/08/2018 09:15:00,961.2,962.1,961.2,962,2109
27/08/2018 09:30:00,961.6,962.3,961.5,962.2,3509
27/08/2018 09:45:00,961.7,962.8,961.6,962.6,2777
27/08/2018 10:00:00,962.2,963.1,962,963.1,3519
27/08/2018 10:15:00,962.1,963.1,962,962.9,2304
27/08/2018 10:30:00,962.7,964.3,962.6,964.3,3335
27/08/2018 10:45:00,963.8,964.6,963.6,964.5,2762
27/08/2018 11:00:00,963.4,964.3,963.4,964.3,2121
27/08/2018 11:15:00,962.8,964.1,962.8,964.1,2656
27/08/2018 11:30:00,963.7,964.8,963.5,964.6,1367
27/08/2018 13:00:00,964.3,964.9,964,964.6,1264
27/08/2018 13:15:00,964.4,965.2,964.3,965.2,2780
27/08/2018 13:30:00,963.5,964.6,963.4,964.6,3552
27/08/2018 13:45:00,963.6,964.6,963.5,964.6,3878
27/08/2018 14:00:00,962.8,963.8,962.8,963.8,5683
27/08/2018 14:15:00,962.3,964.7,962.3,964.7,6153
27/08/2018 14:30:00,963,964.5,962.9,964.1,3012
27/08/2018 14:45:00,963.2,963.2,963.2,963.2,1746
28/08/2018 09:00:00,965.3,966.2,965.3,966,2324
28/08/2018 09:15:00,965.8,966.4,965.8,966.4,3088
28/08/2018 09:30:00,965.4,966.2,965.3,966.2,3069
28/08/2018 09:45:00,964.9,965.8,964.9,965.7,2365
28/08/2018 10:00:00,965.3,965.8,965.3,965.8,1714
28/08/2018 10:15:00,965.7,966.2,965.5,966.2,2779
28/08/2018 10:30:00,965.6,966.4,965.5,966.3,3248
28/08/2018 10:45:00,965.7,966.2,965.7,966.1,1259
28/08/2018 11:00:00,965.3,966,965.2,966,2058
28/08/2018 11:15:00,965.3,966.5,965.2,966.4,3241
28/08/2018 11:30:00,966.3,967.2,966,967.2,2427
28/08/2018 13:00:00,966.8,967.3,966.8,967.2,1882
28/08/2018 13:15:00,966.4,967.6,966.4,967.5,2875
28/08/2018 13:30:00,966.4,967.5,966.3,967.4,3287
28/08/2018 13:45:00,965.6,966.8,965.5,966.8,3018
28/08/2018 14:00:00,964.7,965.9,964.4,965.9,6594
28/08/2018 14:15:00,965.1,966.2,965.1,966.1,5510
28/08/2018 14:30:00,965.1,966.1,965.1,966.1,2133
28/08/2018 14:45:00,965.6,965.6,965.6,965.6,1950
29/08/2018 09:00:00,965.6,966.1,965.5,966,919
29/08/2018 09:15:00,965.2,966,965.1,965.9,1494
29/08/2018 09:30:00,965.5,965.9,965.4,965.9,1538
29/08/2018 09:45:00,965.1,965.7,965,965.7,2190
29/08/2018 10:00:00,964.2,965.2,964.2,965.1,4325
29/08/2018 10:15:00,964.3,965,964.3,964.9,3276
29/08/2018 10:30:00,963.6,965,963.6,965,2593
29/08/2018 10:45:00,963.5,964.2,963.4,964.2,2542
29/08/2018 11:00:00,964,964.9,963.9,964.9,2601
29/08/2018 11:15:00,964,964.9,964,964.9,1600
29/08/2018 11:30:00,964,965.2,964,965.2,1270
29/08/2018 13:00:00,964.8,965.3,964.8,965.2,1020
29/08/2018 13:15:00,964.9,965.6,964.7,965.5,2412
29/08/2018 13:30:00,963.9,964.9,963.8,964.8,2917
29/08/2018 13:45:00,964,964.5,963.9,964.5,2051
29/08/2018 14:00:00,962.2,964.1,962.1,964,6268
29/08/2018 14:15:00,962.9,964.2,962.9,964.2,4295
29/08/2018 14:30:00,963.6,964.2,963.5,964,1916
29/08/2018 14:45:00,962,962,962,962,2126
30/08/2018 09:00:00,961.1,961.8,961.1,961.7,977
30/08/2018 09:15:00,961,962,961,961.9,2183
30/08/2018 09:30:00,961.4,961.9,961.3,961.9,2038
30/08/2018 09:45:00,961.7,962.2,961.7,962.2,2234
30/08/2018 10:00:00,961.4,962,961.3,961.8,1398
30/08/2018 10:15:00,960.9,962.1,960.9,962.1,2441
30/08/2018 10:30:00,960.6,961.4,960.6,961.4,2170
30/08/2018 10:45:00,961,962,961,962,2107
30/08/2018 11:00:00,961.5,962.2,961.4,962.1,2004
30/08/2018 11:15:00,961.9,963,961.9,963,3365
30/08/2018 11:30:00,963,963.6,963,963.5,2097
30/08/2018 13:00:00,963.3,963.9,963.3,963.8,1284
30/08/2018 13:15:00,963.4,964.2,963.3,964.2,3031
30/08/2018 13:30:00,963.3,964,963.3,963.9,1868
30/08/2018 13:45:00,963.3,964.3,963.2,964.3,2853
30/08/2018 14:00:00,963.8,965.5,963.8,965.5,5359
30/08/2018 14:15:00,965.4,966.4,965.3,966.3,3924
30/08/2018 14:30:00,966.3,967.6,966.3,967.6,3401
30/08/2018 14:45:00,970.5,970.5,970.5,970.5,3070
31/08/2018 09:00:00,969.8,970.4,969.8,970.4,1333
31/08/2018 09:15:00,969.5,970.8,969.5,970.7,2349
31/08/2018 09:30:00,969.4,970.6,969.4,970.6,3076
31/08/2018 09:45:00,969.5,970.5,969.5,970.4,2022
31/08/2018 10:00:00,969.6,970.1,969.5,970.1,1379
31/08/2018 10:15:00,969.6,970.7,969.6,970.7,1596
31/08/2018 10:30:00,970,970.7,969.9,970.6,1507
31/08/2018 10:45:00,969.8,970.7,969.8,970.7,1657
31/08/2018 11:00:00,969.9,970.6,969.8,970.6,1800
31/08/2018 11:15:00,970.5,973.3,970.5,973.2,5309
31/08/2018 11:30:00,972.4,973,972.3,973,1723
31/08/2018 13:00:00,971.9,972.3,971.8,972.3,1047
31/08/2018 13:15:00,970.5,972.1,970.5,972,3537
31/08/2018 13:30:00,968.2,970.8,968.2,970.6,7109
31/08/2018 13:45:00,968.3,969.9,967.7,969.9,5716
31/08/2018 14:00:00,966.7,969.6,966.4,969.6,7232
31/08/2018 14:15:00,964.4,966.6,964.2,966.5,7956
31/08/2018 14:30:00,963.8,966.9,963.7,966.6,3966
31/08/2018 14:45:00,965.7,965.7,965.7,965.7,2490
04/09/2018 09:00:00,964.5,965,964.3,965,969
04/09/2018 09:15:00,964.4,964.8,964.3,964.7,1979
04/09/2018 09:30:00,964.8,965.7,964.6,965.6,2678
04/09/2018 09:45:00,964.6,965.6,964.6,965.6,1748
04/09/2018 10:00:00,965,965.7,964.9,965.6,1563
04/09/2018 10:15:00,964.2,965.2,963.8,965,2749
04/09/2018 10:30:00,963.1,963.9,962.9,963.9,3983
04/09/2018 10:45:00,963.4,964.6,963.4,964.5,2987
04/09/2018 11:00:00,963.6,964.5,963.4,964.5,2316
04/09/2018 11:15:00,962,964.7,962,964.7,4266
04/09/2018 11:30:00,962,962.7,961.9,962.6,1711
04/09/2018 13:00:00,962.4,963,962.2,963,1784
04/09/2018 13:15:00,962.8,963.6,962.6,963.6,3805
04/09/2018 13:30:00,962.5,965,962.5,964.9,5004
04/09/2018 13:45:00,964.2,965.8,964.2,965.7,4990
04/09/2018 14:00:00,962.4,964.4,962.4,964.2,5965
04/09/2018 14:15:00,957.5,962.7,957.5,962.6,10142
04/09/2018 14:30:00,957,958.6,956.8,958.4,3915
04/09/2018 14:45:00,956,956,956,956,2284
05/09/2018 09:00:00,952.5,953.5,952.5,953,2667
05/09/2018 09:15:00,952.8,954,952.8,954,2921
05/09/2018 09:30:00,951.5,954.1,951.3,953.8,4484
05/09/2018 09:45:00,950.8,952.6,950.7,952.5,5901
05/09/2018 10:00:00,951.5,952.5,951.3,952.5,3042
05/09/2018 10:15:00,951.9,953.9,951.8,953.7,4089
05/09/2018 10:30:00,952.3,953.7,952.3,953.5,2981
05/09/2018 10:45:00,951.9,953.5,951.9,953.4,3495
05/09/2018 11:00:00,952.7,954.4,952.7,954,3396
05/09/2018 11:15:00,949.7,953.6,949.7,953.3,7095
05/09/2018 11:30:00,949,950.4,949,950.1,2875
05/09/2018 13:00:00,949.4,950.5,949.3,950.3,1909
05/09/2018 13:15:00,949.9,951.7,949.9,951.7,3834
05/09/2018 13:30:00,947.5,951.8,947.4,951.7,7092
05/09/2018 13:45:00,945.6,948,945.6,948,8715
05/09/2018 14:00:00,946.8,948.7,946.4,948.7,7172
05/09/2018 14:15:00,940.7,947.3,940.6,947.3,9128
05/09/2018 14:30:00,940.9,942.8,940.4,942.8,4249
05/09/2018 14:45:00,944,944,944,944,2672
06/09/2018 09:00:00,944.7,945.4,944.6,945.1,1691
06/09/2018 09:15:00,944.8,945.4,944.7,945.3,2577
06/09/2018 09:30:00,943.1,945.4,943,945.3,4890
06/09/2018 09:45:00,943.4,944.3,943.4,944.3,2546
06/09/2018 10:00:00,942.5,944.3,942.4,944.1,3010
06/09/2018 10:15:00,941.7,943.4,941.7,943.4,4535
06/09/2018 10:30:00,942,943.4,941.6,943.4,3184
06/09/2018 10:45:00,941.8,944.7,941.8,944.7,5476
06/09/2018 11:00:00,943.9,945.6,943.8,945.4,5946
06/09/2018 11:15:00,944.5,945.8,944.4,945.8,5498
06/09/2018 11:30:00,944,945,943.8,945,1777
06/09/2018 13:00:00,942.7,944.2,942.4,944.2,2192
06/09/2018 13:15:00,938.5,942.7,938.1,942.5,9175
06/09/2018 13:30:00,936.7,939,936.6,939,8536
06/09/2018 13:45:00,937.8,940.2,937.8,940.2,6428
06/09/2018 14:00:00,933.8,939.6,933.6,939.6,11645
06/09/2018 14:15:00,933.7,936.3,933.6,936,8686
06/09/2018 14:30:00,933.4,935.9,933.4,935.9,4411
06/09/2018 14:45:00,934.7,934.7,934.7,934.7,2173
07/09/2018 09:00:00,934,935.7,933.8,935.2,1541
07/09/2018 09:15:00,934.2,936.2,934.2,936.1,3585
07/09/2018 09:30:00,935.2,936.1,935,936.1,4815
07/09/2018 09:45:00,934.9,936,934.9,935.9,3355
07/09/2018 10:00:00,934.4,935.3,934.1,935.2,2532
07/09/2018 10:15:00,934.9,937.3,934.9,937.3,5884
07/09/2018 10:30:00,935.5,937,935.4,936.7,5256
07/09/2018 10:45:00,935,936.8,934.9,936.6,4245
07/09/2018 11:00:00,931.4,935,931.4,934.9,8603
07/09/2018 11:15:00,931.7,933.1,930.5,933,4858
07/09/2018 11:30:00,930.6,932.3,930.6,932.3,1869
07/09/2018 13:00:00,932.2,934.8,932.2,934.7,3232
07/09/2018 13:15:00,934.5,938.4,934.4,938.4,10361
07/09/2018 13:30:00,937,941,936.8,940.9,8210
07/09/2018 13:45:00,940,942.6,940,942.6,8265
07/09/2018 14:00:00,940.8,945.3,940.6,945,8807
07/09/2018 14:15:00,942.8,946.2,942.7,946.1,7430
07/09/2018 14:30:00,943.1,945.4,943.1,945,3879
07/09/2018 14:45:00,943.5,943.5,943.5,943.5,2719
10/09/2018 09:00:00,943.5,944.5,943.2,944.1,948
10/09/2018 09:15:00,942.7,943.8,942.6,943.6,1651
10/09/2018 09:30:00,941.7,943.7,941.5,943.6,2910
10/09/2018 09:45:00,941.1,943,940.9,942.8,3892
10/09/2018 10:00:00,942.8,944,942.7,943.9,2658
10/09/2018 10:15:00,942.3,944.2,942.2,944.1,3250
10/09/2018 10:30:00,942,943.9,941.7,943.8,4793
10/09/2018 10:45:00,942.3,944.8,942.1,944.7,4809
10/09/2018 11:00:00,942,944.5,942,944.5,4860
10/09/2018 11:15:00,942.4,943.8,942.4,943.7,2880
10/09/2018 11:30:00,943.2,944.2,943.2,944.2,2210
10/09/2018 13:00:00,943.1,944.1,943.1,944.1,1415
10/09/2018 13:15:00,938.8,944,938.8,943.5,9737
10/09/2018 13:30:00,937.7,939.3,937.5,939.3,7794
10/09/2018 13:45:00,937.7,939.4,937.7,939.3,5630
10/09/2018 14:00:00,935.4,938,935.2,937.5,8834
10/09/2018 14:15:00,935.1,937.3,934.8,936.9,7526
10/09/2018 14:30:00,936.7,938.4,936.7,938.1,4638
10/09/2018 14:45:00,936.2,936.2,936.2,936.2,1670
